Country,Region,Site,Mw,PGA(g),P2_liquefaction_probability
 Japan,Chūbu Sangaku region,Lenaga,8.0,0.2,0.9212134230701284
 Japan,Chūbu Sangaku region,Komei,8.0,0.2,0.9172354714776083
 Japan,Chūbu Sangaku region,Meiko,8.0,0.2,0.9589311001650427
 Japan,Chūbu Sangaku region,Komei,8.0,0.2,0.8862497180223688
 Japan,Chūbu Sangaku region,Meiko,8.0,0.2,0.938961878965819
 Japan,Chūbu Sangaku region,Lenaga,8.0,0.2,0.8818430159634274
 Japan,Chūbu Sangaku region,"Morita-Cho Gakku, Hamada Et Al. 5'",7.1,0.5,0.8348987482452765
 Japan,Chūbu Sangaku region,"Morita-Cho Koen, Hamada Et Al. L';5'",7.1,0.5,0.9286845366923876
 Japan,Chūbu Sangaku region,"Morita-Cho Rice Field, Hamada Et Al 4""",7.1,0.5,0.88189774524545
 Japan,Chūbu Sangaku region,Lenaga,8.2,0.2,0.9204237454367431
 Japan,Chūbu Sangaku region,Komei,8.2,0.2,0.9047974254319239
 Japan,Chūbu Sangaku region,Meiko,8.2,0.2,0.9307352602134191
 Japan,Chūbu Sangaku region,Nakamura,7.7,0.32,0.9438978986357137
 Japan,Chūbu Sangaku region,Shonenji Temple,7.3,0.4,0.9679444787059732
 Japan,Chūbu Sangaku region,Takaya 45,7.3,0.35,0.5940367856987326
 Japan,Chūbu Sangaku region,Takaya 2,7.3,0.35,0.8680090238413681
 Japan,Chūbu Sangaku region,Takaya 2,7.3,0.35,0.06607033985048273
 Japan,Chūbu Sangaku region,Takaya 45,7.3,0.35,0.594120710186283
 Japan,Chūbu Sangaku region,Shonenji,7.3,0.4,0.9092946483506829
 Japan,Chūbu Sangaku region,"Hino Gawa East Bank, Fukui Pref. Equestrian Center,",7.1,0.5,0.9413004071831151
 Japan,Chūbu Sangaku region,"Rice Fields, South-East of Routes 8 & 416,",7.1,0.5,0.9519818804536608
 Japan,Chūbu Sangaku region,"Takaya-Bashi Kuzuryu Gawa, South Bank Rice Fields",7.1,0.5,0.8680660803185544
 Japan,Chūbu Sangaku region,"Takaya-Bashi Kuzuryu Gawa, South Bank",7.1,0.5,0.9482634951528237
 Japan,Chūbu Sangaku region,"Takaya-Cho Kuzuryu Gawa, East Bank",7.1,0.5,0.9482634951528237
 Japan,Chūbu Sangaku region,"Fukui-Ohashi Kuzuryu Gawa, South Bank",7.1,0.5,0.6849945038237378
 Japan,Chūbu Sangaku region,"Hokuriku Exp.-Ohashi Kuzuryu Gawa, South Bank",7.1,0.5,0.21440815248788048
 Japan,Chūbu Sangaku region,"Maruoka-Cho Jyugoyoshi Gawa, South Bank",7.1,0.5,0.9393296765428877
 Japan,Chūbu Sangaku region,Onahama Port,7.7,0.204,0.09696514442162343
 Japan,Chūbu Sangaku region,Shonenji Temple,6.84,0.4,0.9221991189499917
 Japan,Chūbu Sangaku region,Takaya Town,6.84,0.32,0.5651806867111796
 Japan,Chūbu Sangaku region,Ogaki,7.9,0.32,0.5984747812082358
 Japan,Chūbu Sangaku region,Ginan,7.9,0.32,0.9231558005394291
 Japan,Chūbu Sangaku region,Unuma,7.9,0.28,0.6220393722917021
 Japan,Chūbu Sangaku region,Ogase,7.9,0.28,0.6930398519742765
 Japan,Chūbu Sangaku region,Nochikoshi,7.0,0.25,0.884045788680974
 Japan,Chugoku Sanchi region,"Hiroshima, Dejima Baseball Koen, SW Side",6.8,0.25,0.8550850599041254
 Japan,Chugoku Sanchi region,"Hiroshima, Dejima Baseball Koen, NE Corner",6.8,0.25,0.8550850599041254
 Japan,Chugoku Sanchi region,"Hiroshima, Konun Shin Machi Baseballfield, E Side",6.8,0.25,0.8550850599041254
 Japan,Chugoku Sanchi region,"Hiroshima, Nishi Ku Pier, N. End",6.8,0.25,0.7780867104845456
 Japan,Chugoku Sanchi region,"Hiroshima, Nishi Ku Pier, S. End",6.8,0.26,0.5574502793905177
 Japan,Chugoku Sanchi region,Dust Management Center ,7.2,0.37,0.9091132653704329
 Japan,Chugoku Sanchi region,Imazu Elementary School,7.2,0.6,0.8977468956351541
 Japan,Chugoku Sanchi region,Koyo Junior High School,7.2,0.45,0.9397122249153578
 Japan,Chugoku Sanchi region,Kobe Customs Maya,7.2,0.6,0.9463327415518783
 Japan,Chugoku Sanchi region,Kobe Customs Maya,7.2,0.6,0.9235464475204752
 Japan,Chugoku Sanchi region,Kobe Port Coast. Office,7.2,0.6,0.9187292680891275
 Japan,Chugoku Sanchi region,"Koyo Elementary, School",7.2,0.45,0.9580662009449912
 Japan,Chugoku Sanchi region,Mizukasa Park,7.2,0.65,0.9460955017526999
 Japan,Chugoku Sanchi region,Shiporex Kogyo Osaka Factory,7.2,0.4,0.9525558244485408
 Japan,Chugoku Sanchi region,Hamakoshienn Housing Area,7.2,0.5,0.9451202586421018
 Japan,Chugoku Sanchi region,Taito Kobe Factory,7.2,0.45,0.9570843721282158
 Japan,Chugoku Sanchi region,Tokuyama Concrete Factory,7.2,0.5,0.9695294224265747
 Japan,Chugoku Sanchi region,Nisseki Kobe Oil Tank A,7.2,0.6,0.9257984461350581
 Japan,Chugoku Sanchi region,"New Port No, 6 Pier",7.2,0.6,0.905773324829817
 Japan,Chugoku Sanchi region,Minatojima Junior High,7.2,0.45,0.9528439837548678
 Japan,Chugoku Sanchi region,New warf Const. Offices,7.2,0.45,0.9612567215415068
 Japan,Chugoku Sanchi region,Fukuzurni Park,7.2,0.65,0.06118123665271415
 Japan,Chugoku Sanchi region,Honiyo Central Park,7.2,0.7,0.12995070313110121
 Japan,Chugoku Sanchi region,Kobe Art Institute,7.2,0.5,0.11304192213156965
 Japan,Chugoku Sanchi region,Surniyoshi Elementary,7.2,0.6,0.12395199885571426
 Japan,Chugoku Sanchi region,Dust Management Center,6.9,0.37,0.9044004759240845
 Japan,Chugoku Sanchi region,Fukuzumi Park,6.9,0.65,0.053323525273823585
 Japan,Chugoku Sanchi region,Hamakoshienn Housing Area,6.9,0.5,0.9257961638777971
 Japan,Chugoku Sanchi region,Honjyo Central Park,6.9,0.7,0.13598740812452734
 Japan,Chugoku Sanchi region,Imazu Elementary School,6.9,0.6,0.3998102078623791
 Japan,Chugoku Sanchi region,Kobe Art Institute,6.9,0.5,0.11455329518487968
 Japan,Chugoku Sanchi region,Kobe Customs Maya Office A,6.9,0.6,0.9280921673933916
 Japan,Chugoku Sanchi region,Kobe Customs Maya Office B,6.9,0.6,0.8972528756224722
 Japan,Chugoku Sanchi region,"Kobe Port Const, Office",6.9,0.6,0.8954176695923772
 Japan,Chugoku Sanchi region,Kobe Wharf Public Co.,6.9,0.45,0.9319300843398818
 Japan,Chugoku Sanchi region,Koyo Pump Station,6.9,0.45,0.9567399668442331
 Japan,Chugoku Sanchi region,Mizukasa Park,6.9,0.65,0.6601740797523029
 Japan,Chugoku Sanchi region,Nagashi Park,6.9,0.65,0.36356725710228616
 Japan,Chugoku Sanchi region,New Port No. 6 Pier,6.9,0.6,0.8954269300777528
 Japan,Chugoku Sanchi region,New Wharf Const. Offices,6.9,0.45,0.9427944272557423
 Japan,Chugoku Sanchi region,Nisseki Kobe Oil Tank A,6.9,0.6,0.8972528756224722
 Japan,Chugoku Sanchi region,Nisseki Kobe Oil Tank B,6.9,0.6,0.8972528756224722
 Japan,Chugoku Sanchi region,Shiporex Kogyo Osaka Factory,6.9,0.4,0.9365867413361005
 Japan,Chugoku Sanchi region,Sumiyoshi Elementary,6.9,0.6,0.12809628911614127
 Japan,Chugoku Sanchi region,Taito Kobe Factory,6.9,0.45,0.9390088361217449
 Japan,Chugoku Sanchi region,Tokuyama Concrete Factory,6.9,0.5,0.9346774376187307
 Japan,Chugoku Sanchi region,Yoshida Kogyo Factory,6.9,0.5,0.10867373858092684
 Japan,Chugoku Sanchi region,Ashiyama A (Marine Sand),7.2,0.4,0.06873560852686347
 Japan,Chugoku Sanchi region,Ashiyama A (Mountain Sand 1),7.2,0.4,0.5276353895080506
 Japan,Chugoku Sanchi region,Ashiyama C-D-E (Marine Sand),7.2,0.4,0.8832171186409783
 Japan,Chugoku Sanchi region,Ashiyama C-D-E (Mountain Sand 2),7.2,0.4,0.8939737413924006
 Japan,Chugoku Sanchi region,Port Island Borehole Array Station,7.2,0.34,0.945328617966307
 Japan,Chugoku Sanchi region,Port Island Improved Site (Ikegaya),7.2,0.4,0.2605569414643903
 Japan,Chugoku Sanchi region,Port Island Improved Site (Tanahashi),7.2,0.4,0.32886242709015384
 Japan,Chugoku Sanchi region,Port Island Improved Site (Watanabe),7.2,0.4,0.031070297645266184
 Japan,Chugoku Sanchi region,Port Island Site 1,7.2,0.34,0.8064387124195184
 Japan,Chugoku Sanchi region,Rokko Island Building D,7.2,0.4,0.6758651022824124
 Japan,Chugoku Sanchi region,Rokko Island Site G,7.2,0.34,0.7378184354387975
 Japan,Chugoku Sanchi region,Torishima Dike,7.2,0.25,0.7125297410159664
 Japan,Chugoku Sanchi region,Kobe Site 1,6.9,0.4,0.04637703510720943
 Japan,Chugoku Sanchi region,Kobe Site 2,6.9,0.4,0.03149152270072208
 Japan,Chugoku Sanchi region,Kobe Site 3,6.9,0.4,0.04637703510720943
 Japan,Chugoku Sanchi region,Kobe Site 4,6.9,0.4,0.04637703510720943
 Japan,Chugoku Sanchi region,Kobe Site 10,6.9,0.6,0.22355856783355732
 Japan,Chugoku Sanchi region,Kobe Site 12,6.9,0.5,0.4100579531468726
 Japan,Chugoku Sanchi region,Kobe Site 18,6.9,0.7,0.03116344534711026
 Japan,Chugoku Sanchi region,Kobe Site 20,6.9,0.55,0.05805290640217722
 Japan,Chugoku Sanchi region,Kobe Site 21,6.9,0.6,0.0310908382375093
 Japan,Chugoku Sanchi region,Kobe Site 22,6.9,0.6,0.029792914099225448
 Japan,Chugoku Sanchi region,Kobe Site 25,6.9,0.6,0.030467695535588504
 Japan,Chugoku Sanchi region,Kobe Site 26,6.9,0.6,0.03148345607149041
 Japan,Chugoku Sanchi region,Kobe Site 27,6.9,0.6,0.039143953979093114
 Japan,Chugoku Sanchi region,Kobe Site 30,6.9,0.6,0.030242546279427372
 Japan,Chugoku Sanchi region,Kobe Site 31,6.9,0.6,0.03148345607149041
 Japan,Chugoku Sanchi region,Kobe Site 32,6.9,0.5,0.053956385788187275
 Japan,Chugoku Sanchi region,Kobe Site 33,6.9,0.5,0.4226230340942181
 Japan,Chugoku Sanchi region,Kobe Site 36,6.9,0.6,0.03148345607149041
 Japan,Chugoku Sanchi region,Kobe Site 39,6.9,0.6,0.030467695535588504
 Japan,Chugoku Sanchi region,Kobe Site 40,6.9,0.6,0.02746899518188073
 Japan,Chugoku Sanchi region,Ashiyama A (Mntn sand 1),6.9,0.4,0.37356283663710815
 Japan,Chugoku Sanchi region,Port Island Improved Site (Ikegaya),6.9,0.4,0.2293235798580041
 Japan,Chugoku Sanchi region,Port Island Improved Site (Watanabe),6.9,0.4,0.04350846621392616
 Japan,Chugoku Sanchi region,Kobe Alluvial Site No. 1,7.2,0.4,0.08098575565422564
 Japan,Chugoku Sanchi region,Kobe Alluvial Site No. 2,7.2,0.4,0.059420088455114095
 Japan,Chugoku Sanchi region,Kobe Alluvial Site No. 3,7.2,0.4,0.08660767638923911
 Japan,Chugoku Sanchi region,Kobe Alluvial Site No. 4,7.2,0.4,0.08660767638923911
 Japan,Chugoku Sanchi region,Kobe Alluvial Site No. 5,7.2,0.35,0.9542765635839793
 Japan,Chugoku Sanchi region,Kobe Alluvial Site No. 6,7.2,0.4,0.5667051615487556
 Japan,Chugoku Sanchi region,Kobe Alluvial Site No. 7,7.2,0.4,0.2477535106897973
 Japan,Chugoku Sanchi region,Kobe Alluvial Site No. 8,7.2,0.5,0.7095161140694141
 Japan,Chugoku Sanchi region,Kobe Alluvial Site No. 9,7.2,0.5,0.9489945058684169
 Japan,Chugoku Sanchi region,Kobe Alluvial Site No. 10,7.2,0.6,0.03571164625315881
 Japan,Chugoku Sanchi region,Kobe Alluvial Site No. 11,7.2,0.5,0.9717680659388936
 Japan,Chugoku Sanchi region,Kobe Alluvial Site No. 12,7.2,0.5,0.28778797150578533
 Japan,Chugoku Sanchi region,Kobe Alluvial Site No. 13,7.2,0.5,0.9434155631003713
 Japan,Chugoku Sanchi region,Kobe Alluvial Site No. 14,7.2,0.5,0.6197706521995919
 Japan,Chugoku Sanchi region,Kobe Alluvial Site No. 15,7.2,0.5,0.7313070248114394
 Japan,Chugoku Sanchi region,Kobe Alluvial Site No. 17,7.2,0.5,0.760466646319924
 Japan,Chugoku Sanchi region,Kobe Alluvial Site No. 18,7.2,0.7,0.040491237020173584
 Japan,Chugoku Sanchi region,Kobe Alluvial Site No. 19,7.2,0.6,0.2807338301472006
 Japan,Chugoku Sanchi region,Kobe Alluvial Site No. 20,7.2,0.55,0.11132672341576771
 Japan,Chugoku Sanchi region,Kobe Alluvial Site No. 21,7.2,0.6,0.06353478058372555
 Japan,Chugoku Sanchi region,Kobe Alluvial Site No. 22,7.2,0.6,0.05601313794806547
 Japan,Chugoku Sanchi region,Kobe Alluvial Site No. 23,7.2,0.6,0.4442098942331705
 Japan,Chugoku Sanchi region,Kobe Alluvial Site No. 24,7.2,0.5,0.6827828834938225
 Japan,Chugoku Sanchi region,Kobe Alluvial Site No. 25,7.2,0.7,0.06847457392925173
 Japan,Chugoku Sanchi region,Kobe Alluvial Site No. 26,7.2,0.6,0.06430990981010973
 Japan,Chugoku Sanchi region,Kobe Alluvial Site No. 27,7.2,0.6,0.07529647372590972
 Japan,Chugoku Sanchi region,Kobe Alluvial Site No. 28,7.2,0.4,0.3997688825394601
 Japan,Chugoku Sanchi region,Kobe Alluvial Site No. 29,7.2,0.4,0.6677535579521924
 Japan,Chugoku Sanchi region,Kobe Alluvial Site No. 30,7.2,0.6,0.0432472185492592
 Japan,Chugoku Sanchi region,Kobe Alluvial Site No. 31,7.2,0.6,0.06430990981010973
 Japan,Chugoku Sanchi region,Kobe Alluvial Site No. 32,7.2,0.5,0.11653582966433217
 Japan,Chugoku Sanchi region,Kobe Alluvial Site No. 33,7.2,0.5,0.08854668650102307
 Japan,Chugoku Sanchi region,Kobe Alluvial Site No. 34,7.2,0.4,0.5006562280805309
 Japan,Chugoku Sanchi region,Kobe Alluvial Site No. 35,7.2,0.5,0.6824278779628232
 Japan,Chugoku Sanchi region,Kobe Alluvial Site No. 36,7.2,0.6,0.06430990981010973
 Japan,Chugoku Sanchi region,Kobe Alluvial Site No. 37,7.2,0.35,0.6276294555263651
 Japan,Chugoku Sanchi region,Kobe Alluvial Site No. 38,7.2,0.5,0.6973698534838013
 Japan,Chugoku Sanchi region,Kobe Alluvial Site No. 39,7.2,0.6,0.06353478058372555
 Japan,Chugoku Sanchi region,Kobe Alluvial Site No. 40,7.2,0.6,0.05010521925156103
 Japan,Chugoku Sanchi region,Kobe Alluvial Site No. 41,7.2,0.4,0.9023921539967261
 Japan,Chugoku Sanchi region,Kobe Alluvial Site No. 42,7.2,0.4,0.9280624821240759
 Japan,Chugoku Sanchi region,Kobe Alluvial Site No. 43,7.2,0.35,0.8654524271006595
 Japan,Chugoku Sanchi region,Kobe Alluvial Site No. 44,7.2,0.4,0.9587594097944395
 Japan,Chugoku Sanchi region,"Hanshin Expressway5,3",6.9,0.5,0.8550330449653177
 Japan,Chugoku Sanchi region,"Hanshin Expressway5,10",6.9,0.58,0.9007962074338713
 Japan,Chugoku Sanchi region,"Hanshin Expressway5,14",6.9,0.63,0.7320473254320174
 Japan,Chugoku Sanchi region,"Hanshin Expressway5,25",6.9,0.65,0.6761950609052105
 Japan,Chugoku Sanchi region,"Hanshln Expressway 5, 29",6.9,0.65,0.7952498661821404
 Japan,Chugoku Sanchi region,KNK,6.9,0.12,0.2202644749036569
 Japan,Chugoku Sanchi region,"Kobe-Nishinomlya EWY,3",6.9,0.63,0.6985642149947459
 Japan,Chugoku Sanchi region,"Kobe-Nishinomlya EWY,17",6.9,0.53,0.18040008941683297
 Japan,Chugoku Sanchi region,"Kobe-Nishinomlya EWY,23",6.9,0.63,0.7743280079351371
 Japan,Chugoku Sanchi region,"Kobe-Nishinomiya EWY, 28",6.9,0.65,0.6685717805308249
 Japan,Chugoku Sanchi region,Kobe Port. 7C,6.9,0.55,0.8521022872930653
 Japan,Chugoku Sanchi region,LPG Tank Yant Kobe,6.9,0.5,0.8933228704372753
 Japan,Chugoku Sanchi region,"Port Island, 1C",6.9,0.5,0.8214316718150734
 Japan,Chugoku Sanchi region,"Port Island, 2C",6.9,0.5,0.7382127064215985
 Japan,Chugoku Sanchi region,"Port Island, Common Factory",6.9,0.5,0.3493665521339208
 Japan,Chugoku Sanchi region,"Port Island, Common Factory",6.9,0.5,0.584328056015072
 Japan,Chugoku Sanchi region,"Port Island, Dhole Array '91",6.9,0.5,0.8281129224525771
 Japan,Chugoku Sanchi region,"Port Island, Dhole Array '05",6.9,0.5,0.8912279603626491
 Japan,Chugoku Sanchi region,SGK,6.9,0.45,0.5612569592833254
 Japan,Chugoku Sanchi region,KNK(KPS) Kainan Port Sub-station,7.0,0.12,0.06749958375353286
 Japan,Chugoku Sanchi region,"Port Island Instrument Array, 1991",7.0,0.5,0.9314333617471011
 Japan,Chugoku Sanchi region,"Port Island Instrument Array, 1995",7.0,0.5,0.9383353324933552
 Japan,Chugoku Sanchi region,SGK(TRC) Technical Research Center,7.0,0.4,0.5505093781772419
 Japan,Chugoku Sanchi region,TKS(TPS) Takasago Power Station,7.0,0.2,0.8832532431315162
 Japan,Chugoku Sanchi region,"Ashiya Gawa Koen, East Side",7.0,0.5,0.8319258690201895
 Japan,Chugoku Sanchi region,"East Kawasaki Koen, So. Of Harborland",7.0,0.5,0.9412631803395265
 Japan,Chugoku Sanchi region,Harborland Koen,7.0,0.55,0.8513567088153864
 Japan,Chugoku Sanchi region,Higashinada Sewage Treatment Plant,7.0,0.5,0.7778891046931247
 Japan,Chugoku Sanchi region,"Honjochuo Koen East Side,",7.0,0.5,0.911961979357936
 Japan,Chugoku Sanchi region,"Honjochuo Koen West Side, Higashi Nada",7.0,0.5,0.8423466561720286
 Japan,Chugoku Sanchi region,"Hyogo Minami Koen, No. End Of",7.0,0.5,0.7831136842402925
 Japan,Chugoku Sanchi region,"Ikuta Gawa Baseball Koen, Sannomiya",7.0,0.6,0.5769785352242337
 Japan,Chugoku Sanchi region,"Ishiya Gawa Koen, West Side",7.0,0.5,0.5653116768047911
 Japan,Chugoku Sanchi region,Isogami Koen,7.0,0.6,0.53788344955882
 Japan,Chugoku Sanchi region,Iwaya Koen,7.0,0.6,0.6965044653275159
 Japan,Chugoku Sanchi region,"Jr Wadamasaki Line Station,",7.0,0.6,0.8078751799203457
 Japan,Chugoku Sanchi region,Jr Wadamasaki Line-1,7.0,0.6,0.6924718610144117
 Japan,Chugoku Sanchi region,Japan Railroad Wadamasaki Line-2,7.0,0.6,0.7994243997138182
 Japan,Chugoku Sanchi region,Japan Railroad Wadamasaki Line-3,7.0,0.6,0.35309673009014414
 Japan,Chugoku Sanchi region,Japan Railroad Wadamasaki Line-4,7.0,0.6,0.6677242813616278
 Japan,Chugoku Sanchi region,Japan Railroad Wadamasaki Line-5,7.0,0.6,0.6616174098653947
 Japan,Chugoku Sanchi region,Japan Railroad Wadamasaki Line-6,7.0,0.6,0.5666591991940692
 Japan,Chugoku Sanchi region,"Kita Koen Ne, Port Island",7.0,0.5,0.9136829118062338
 Japan,Chugoku Sanchi region,"Kita Koen Sw, Port Island",7.0,0.5,0.7350507944802513
 Japan,Chugoku Sanchi region,Koshienhama Beach,7.0,0.5,0.9455826119406119
 Japan,Chugoku Sanchi region,Maya Wharf Koen,7.0,0.52,0.8012692613573945
 Japan,Chugoku Sanchi region,Meriken Koen Memorial Site,7.0,0.5,0.7419195960332555
 Japan,Chugoku Sanchi region,Meriken Koen Minami Scuplture Garden,7.0,0.5,0.9023875245491552
 Japan,Chugoku Sanchi region,Meriken Koen Minam-Higashi Hashi,7.0,0.5,0.7597131440799303
 Japan,Chugoku Sanchi region,"Miishi Koen,Wadamisaki-Cho",7.0,0.35,0.8859280533286612
 Japan,Chugoku Sanchi region,"Mitabi Koen, Sumiyoshi, Higashi-Nada Ku",7.0,0.52,0.9039148412888534
 Japan,Chugoku Sanchi region,"Motomachi Koen Ball Field,",7.0,0.5,0.9167273929335871
 Japan,Chugoku Sanchi region,Nada Ohashi Koen North West Corner,7.0,0.5,0.9167273929335871
 Japan,Chugoku Sanchi region,Nada Ohashi Koen South East Corner,7.0,0.5,0.7464491032477031
 Japan,Chugoku Sanchi region,Nagaraku Koen,7.0,0.6,0.7517171013964488
 Japan,Chugoku Sanchi region,Nishinada Koen Baseball Field,7.0,0.6,0.6953850286057306
 Japan,Chugoku Sanchi region,"Nishinomiya Bridge, Koshienhama",7.0,0.5,0.9342527712852818
 Japan,Chugoku Sanchi region,Nishinomiya Higashi High School,7.0,0.6,0.9207322781152969
 Japan,Chugoku Sanchi region,Nishinomiya Kouse-Nenkin Sports Center,7.0,0.6,0.9209460951478651
 Japan,Chugoku Sanchi region,"Nishinomiya Sports Hiroba, Naruohama",7.0,0.6,0.7367076122629773
 Japan,Chugoku Sanchi region,"Nishinomiya, Hama Ebisu Koen",7.0,0.6,0.8686973984744701
 Japan,Chugoku Sanchi region,"Nishinomiya, Hama Koshien Sho Gakku",7.0,0.5,0.9011836279635689
 Japan,Chugoku Sanchi region,"Nishinomiya, Imazu Sho Gakku Yard",7.0,0.6,0.9169736171635069
 Japan,Chugoku Sanchi region,"Nishinomiya, Kotsu",7.0,0.6,0.9137711731835342
 Japan,Chugoku Sanchi region,"Nishinomiya, Miyamea",7.0,0.5,0.9444216599344327
 Japan,Chugoku Sanchi region,"Nishinomiya, Kawazoe",7.0,0.5,0.9434155631003713
 Japan,Chugoku Sanchi region,"Nishinomiya, Mukogawa Koen",7.0,0.6,0.9137711731835342
 Japan,Chugoku Sanchi region,"Nishinomiya, Naruohama Sports Club",7.0,0.5,0.91546793287506
 Japan,Chugoku Sanchi region,"Nishinomiya, Syuku Gawa Koen, Nw",7.0,0.4,0.9115082429947275
 Japan,Chugoku Sanchi region,"Nishinomiya, Syuku Gawa Koen, Sw",7.0,0.5,0.918612973701778
 Japan,Chugoku Sanchi region,"Nishinomiya, Tatsumi Koen",7.0,0.6,0.9209460951478651
 Japan,Chugoku Sanchi region,"Nishinomiya, Tosan Koen",7.0,0.6,0.9169736171635069
 Japan,Chugoku Sanchi region,"Nishinomiya, Tsudo Koen Baseball Field,",7.0,0.6,0.9062570053872547
 Japan,Chugoku Sanchi region,"Nishinomiya, Tsukimizato Koen",7.0,0.6,0.9105980230805384
 Japan,Chugoku Sanchi region,"Nishinomiya, Ueda Koen",7.0,0.6,0.9105980230805384
 Japan,Chugoku Sanchi region,"Nishinomiya, Yoko Michi Koen",7.0,0.6,0.8703027868402662
 Japan,Chugoku Sanchi region,"Nishinomiyahama, Failed Quay Wall Lot",7.0,0.5,0.9023875245491552
 Japan,Chugoku Sanchi region,"Nishinomiyahama, Kita Hiroba, East End",7.0,0.5,0.7260826500759918
 Japan,Chugoku Sanchi region,"Nishinomiyahama, Kita Hiroba, West End",7.0,0.5,0.9220874217869118
 Japan,Chugoku Sanchi region,"Port Island Eqtent Encampment, North",7.0,0.4,0.5951027483326086
 Japan,Chugoku Sanchi region,"Port Island Eqtent Encampment, So End",7.0,0.4,0.2534352855001832
 Japan,Chugoku Sanchi region,Port Island Minami Koen,7.0,0.4,0.540181340306117
 Japan,Chugoku Sanchi region,"Port Island Sewage Plant, Vibro-Floatation",7.0,0.4,0.2194003553575623
 Japan,Chugoku Sanchi region,"Port Island Sewage Plant, East Side Compacted",7.0,0.4,0.044321886010955054
 Japan,Chugoku Sanchi region,"Port Island Stage 2, Flower Event Parking North",7.0,0.4,0.11645835759717861
 Japan,Chugoku Sanchi region,"Port Island Stage 2, Flower Event Parking Area South",7.0,0.4,0.13810858143452812
 Japan,Chugoku Sanchi region,"Port Island Stage2, Flower Event East Side",7.0,0.4,0.1446793498809057
 Japan,Chugoku Sanchi region,"Port Island Stage2, Flower Event West Side",7.0,0.4,0.23669812756058156
 Japan,Chugoku Sanchi region,"Port Island-Phase 1, Naka Park",7.0,0.34,0.7604338419304081
 Japan,Chugoku Sanchi region,"Port Island-Phase 2, Site ""C""-1",7.0,0.3,0.13439712565446307
 Japan,Chugoku Sanchi region,"Port Island, Kita Koen West Side",7.0,0.5,0.9411393377972995
 Japan,Chugoku Sanchi region,"Rokko Island, Higashi Koen -1",7.0,0.43,0.8072310604626067
 Japan,Chugoku Sanchi region,"Rokko Island, Marine-Park, Minami Koen",7.0,0.35,0.3513591961119481
 Japan,Chugoku Sanchi region,"Rokko Island, Temporary Housing Area-East",7.0,0.5,0.8789112324517592
 Japan,Chugoku Sanchi region,ROKKO ISLAND-TEMPORARY HOUSING-North,7.0,0.5,0.8857458113736886
 Japan,Chugoku Sanchi region,"Rokko Island/ Eqtemporary Housing, Southwest",7.0,0.5,0.8264951484780662
 Japan,Chugoku Sanchi region,Seto Koen,7.0,0.4,0.9187475997752081
 Japan,Chugoku Sanchi region,Suma Seaside Koen,7.0,0.6,0.724227037902018
 Japan,Chugoku Sanchi region,Sumiyoshi Gawa Koen,7.0,0.4,0.8757339970904772
 Japan,Chugoku Sanchi region,"Tsuga Gawa Koen,",7.0,0.5,0.7548181255152999
 Japan,Chugoku Sanchi region,Uozakihama Koen,7.0,0.5,0.8148930595920318
 Japan,Chugoku Sanchi region,"Uti Hama Koen, Higashi Nada",7.0,0.5,0.9482634951528237
 Japan,Chugoku Sanchi region,Amagasaki,6.9,0.311,0.9393573538178516
 Japan,Chugoku Sanchi region,Higashi-Kobe Bridge,6.9,0.309,0.3970927490924763
 Japan,Chugoku Sanchi region,Kobe JI-S,6.9,0.331,0.5685354248851906
 Japan,Chugoku Sanchi region,Port Island,6.9,0.316,0.8820860635984544
 Japan,Chugoku Sanchi region,Ashiyahama,6.9,0.4,0.6921488922395453
 Japan,Chugoku Sanchi region,Oiri,6.5,0.14,0.06375369967336206
 Japan,Chugoku Sanchi region,Oiri,7.7,0.24,0.8678766854366934
 Japan,Chugoku Sanchi region,Kobe No. 1,6.9,0.4,0.3503234047606752
 Japan,Chugoku Sanchi region,Kobe No. 3,6.9,0.4,0.6921488922395453
 Japan,Chugoku Sanchi region,Kobe No. 4,6.9,0.4,0.9134109247393524
 Japan,Chugoku Sanchi region,Kobe No. 5,6.9,0.35,0.9021983961498894
 Japan,Chugoku Sanchi region,Kobe No. 7,6.9,0.4,0.9274945797232999
 Japan,Chugoku Sanchi region,Kobe No. 8,6.9,0.5,0.8928342057605688
 Japan,Chugoku Sanchi region,Kobe No. 10,6.9,0.6,0.3535710344413723
 Japan,Chugoku Sanchi region,Kobe No. 11,6.9,0.5,0.9380262232254409
 Japan,Chugoku Sanchi region,Kobe No. 13,6.9,0.5,0.8583932731618286
 Japan,Chugoku Sanchi region,Kobe No. 14,6.9,0.5,0.8682633877808165
 Japan,Chugoku Sanchi region,Kobe No. 16,6.9,0.6,0.8266140984741457
 Japan,Chugoku Sanchi region,Kobe No. 18,6.9,0.7,0.45379489065337036
 Japan,Chugoku Sanchi region,Kobe No. 19,6.9,0.6,0.2816181086274694
 Japan,Chugoku Sanchi region,Kobe No. 20,6.9,0.55,0.04508463869079183
 Japan,Chugoku Sanchi region,Kobe No. 21,6.9,0.6,0.03232595108978842
 Japan,Chugoku Sanchi region,Kobe No. 24,6.9,0.5,0.3678520628277946
 Japan,Chugoku Sanchi region,Kobe No. 25,6.9,0.7,0.30041812114843297
 Japan,Chugoku Sanchi region,Kobe No. 26,6.9,0.6,0.7701945459337035
 Japan,Chugoku Sanchi region,Kobe No. 29,6.9,0.4,0.8811783874855246
 Japan,Chugoku Sanchi region,Kobe No. 32,6.9,0.5,0.5862261093756389
 Japan,Chugoku Sanchi region,Kobe No. 33,6.9,0.5,0.3612513644718371
 Japan,Chugoku Sanchi region,Kobe No. 35,6.9,0.5,0.8675233142408234
 Japan,Chugoku Sanchi region,Kobe No. 37,6.9,0.35,0.8332112980298693
 Japan,Chugoku Sanchi region,Kobe No. 38,6.9,0.5,0.7771214794246621
 Japan,Chugoku Sanchi region,Kobe No. 39,6.9,0.6,0.031337167295999585
 Japan,Chugoku Sanchi region,Kobe No. 41,6.9,0.4,0.6921488922395453
 Japan,Chugoku Sanchi region,Kobe No. 42,6.9,0.4,0.9227796655528141
 Japan,Chugoku Sanchi region,Kobe No. 43,6.9,0.35,0.9274945797232999
 Japan,Chugoku Sanchi region,Kobe No. 44,6.9,0.4,0.9342868654498168
 Japan,Chugoku Sanchi region,Shimonakajima Park,7.2,0.65,0.12389261419898558
 Japan,Chugoku Sanchi region,Shimonakajima Park,6.9,0.65,0.11957590214911376
 Japan,Chugoku Sanchi region,"SAKAI MINATO-SHOWA PIER, SOUTH SIDE",6.8,0.33,0.8797515470677822
 Japan,Chugoku Sanchi region,SAKAI MINATO-TAKENOUCHI DANCHI,6.8,0.33,0.8773682835591158
 Japan,Chugoku Sanchi region,"YONAGO, RADIO TOWER",6.8,0.38,0.8985101645369018
 Japan,Chugoku Sanchi region,Sakaiminato,6.61,0.289,0.7347177309214807
 Japan,Hokkaido,Nanaehama 1-2-3,7.9,0.2,0.9379101668692339
 Japan,Hokkaido,Kushiro Port Seismo St.,8.0,0.4,0.9290124166055259
 Japan,Hokkaido,Kushiro Port Site A,8.0,0.4,0.8631409093003924
 Japan,Hokkaido,Kushiro Port Site D,8.0,0.4,0.07453483708661007
 Japan,Hokkaido,Kushiro Port Quay Wall Site D,7.6,0.4,0.46880241435178366
 Japan,Hokkaido,Malden Street Unit D,6.7,0.51,0.43424924551186944
 Japan,Hokkaido,"Kushlro Port, No. 2",8.3,0.41,0.9166902251997021
 Japan,Hokkaido,"Kushlro Port, No. D",8.3,0.41,0.9561285691822028
 Japan,Hokkaido,"Pension House, BH-1",8.3,0.19,0.8667919400603067
 Japan,Hokkaido,Hakodate Port. No. 1,8.3,0.15,0.8595434501988015
 Japan,Hokkaido,Hakodate Port. No. 2,8.3,0.15,0.5381593617129883
 Japan,Hokkaido,Hakodate Port. No. 3,8.3,0.15,0.8368508748255298
 Japan,Hokkaido,Nanaehama,7.9,0.2,0.9200341711103874
 Japan,Hokkaido,Mitsubishi Paper Plant,7.9,0.23,0.9084099120618238
 Japan,Hokkaido,Nanaehama Beach,7.9,0.2,0.9264790046100827
 Japan,Hokkaido,Nishi Naganuma,7.9,0.15,0.8302878014285164
 Japan,Hokkaido,Nishi Pier 2,7.6,0.4,0.9337372414354157
 Japan,Hokkaido,Higashi Fishermans Building,7.6,0.4,0.9139141344776327
 Japan,Hokkaido,Hoiquen,7.6,0.4,0.9420010576245138
 Japan,Hokkaido,Kashiwagi Shogakko-South,7.6,0.4,0.9201908536926525
 Japan,Hokkaido,Kashiwagi Shogakko-South,7.6,0.4,0.9280624821240759
 Japan,Hokkaido,"Kushiro Port Office, Seismometer Station",7.6,0.46,0.893107513549119
 Japan,Hokkaido,"Kushiro Port Office, South End Of Port",7.6,0.4,0.9201908536926525
 Japan,Hokkaido,Higashi Fishermans Port-North,7.6,0.4,0.8015560597609144
 Japan,Hokkaido,"Chuo Pier, Port Office",7.7,0.14,0.8436408536708646
 Japan,Hokkaido,Kamiso Fishnet Yard,7.7,0.14,0.8336025931132229
 Japan,Hokkaido,Kita Wharf,7.7,0.14,0.6492303451515464
 Japan,Hokkaido,Ml NATO CHO PIER,7.7,0.14,0.8436408536708646
 Japan,Hokkaido,Proprietary,7.7,0.16,0.664068546859884
 Japan,Hokkaido,Proprietary-Hakodate Docks,7.7,0.14,0.22776971381126715
 Japan,Hokkaido,Wakamatsu-Minami Seaside Park,7.7,0.14,0.768138026883491
 Japan,Hokkaido,Pension House Bh-1,7.7,0.19,0.8380245129216437
 Japan,Hokkaido,Pension House Bh-2,7.7,0.19,0.8239102372049154
 Japan,Hokkaido,Iwanai Ferry Terminal Bldg (Improved),7.7,0.22,0.8254483286881171
 Japan,Hokkaido,"Iwanai Ferry Terminal, Beneath Gangway",7.7,0.22,0.789529582797101
 Japan,Hokkaido,"Iwanai Ferry Terminal, North Side",7.7,0.22,0.888066302110218
 Japan,Hokkaido,Mori Harbor North Pier,7.7,0.18,0.8639514328623219
 Japan,Hokkaido,Mori Harbor West Of North Pier,7.7,0.18,0.5820550875961411
 Japan,Hokkaido,N. Of Toshibetsu Gawa,7.7,0.5,0.9614782181714409
 Japan,Hokkaido,Nakanosawa Elem. Sch.,7.7,0.29,0.9203402854539997
 Japan,Hokkaido,"Natsusaka, North Side",7.7,0.18,0.891588181937044
 Japan,Hokkaido,"Natsusaka, South Side",7.7,0.18,0.9018491844213236
 Japan,Hokkaido,North Dike Of Assabu Gawa,7.7,0.25,0.9056680061870602
 Japan,Hokkaido,Okishiri Ferry Terminal,7.7,0.5,0.9277666829603805
 Japan,Hokkaido,Oshamambe Elem. Sch.,7.7,0.29,0.9047128946570262
 Japan,Hokkaido,Oshamambe Seawali/Rt.5,7.7,0.29,0.9356898749902365
 Japan,Hokkaido,Setana Ferry Terminal,7.7,0.5,0.8081591584896266
 Japan,Hokkaido,"South Dike, Chemical Plant",7.7,0.25,0.9148394690345337
 Japan,Hokkaido,Spa Beach-Improved Ground,7.7,0.14,0.23738083969907392
 Japan,Hokkaido,Toshibetsu Gawa Dike,7.7,0.5,0.9465769229282655
 Japan,Hokkaido,Higashi Fishermans Port Building,7.8,0.4,0.9139141344776327
 Japan,Hokkaido,"KASHIWAGI ELEMENTARY SCHOOL, Souh Side ",7.8,0.4,0.9201908536926525
 Japan,Hokkaido,"KASHIWAGI ELEMENTARY SCHOOL, North Side",7.8,0.4,0.9280624821240759
 Japan,Hokkaido,Kushiro Port Office Seimometer,7.8,0.4,0.7973977416008308
 Japan,Hokkaido,Kushiro Port Office Pier,7.8,0.4,0.9201908536926525
 Japan,Hokkaido,Higashi Fishermans Port Lot,7.8,0.4,0.8015560597609144
 Japan,Hokkaido,Nishi Port 2,7.8,0.4,0.9337372414354157
 Japan,Hokkaido,Nishi Port 3 (Built After 1994),7.8,0.4,0.9201908536926525
 Japan,Hokkaido,Hoiquen Site,7.8,0.4,0.9156933894358932
 Japan,Hokkaido,Nishi Naganuma,7.1,0.13,0.8275834525916903
 Japan,Hokkaido,HKD086,6.9,0.77,0.6883789685443282
 Japan,Hokkaido,HKD086,6.2,0.386,0.7124025682574379
 Japan,Hokkaido,Kushiro Port,7.6,0.353,0.8465289990798992
 Japan,Hokkaido,Kushiro Port,8.3,0.225,0.766146602187883
 Japan,Hokkaido,Kushiro Port Quay Wall Site D,7.6,0.34,0.2419752500206089
 Japan,Kanto plain,Takasu Chuou Park,9.0,0.21,0.8071230405384814
 Japan,Kanto plain,Ohi,6.1,0.1,0.11778554356216624
 Japan,Kanto plain,Ohi,6.1,0.1,0.04637567454308656
 Japan,Kanto plain,Urayasu Sea Front,9.1,0.17,0.8351337984893235
 Japan,Kanto plain,Chuo,9.1,0.128,0.7035988410642169
 Japan,Kanto plain,IBR014,9.1,0.445,0.8449883332779868
 Japan,Kanto plain,Owi-1,6.1,0.1,0.18414670610644432
 Japan,Kanto plain,Owi-2,6.1,0.1,0.04637567454308656
 Japan,Kanto plain,"Owi Island No. 1, layer 1",5.9,0.08,0.024199423982053228
 Japan,Kanto plain,"Owi Island No. 1, layer 2",5.9,0.08,0.007547833814908444
 Japan,Kanto plain,"Owi Island No. 1, layer 1",6.0,0.05,0.027904500661159192
 Japan,Kanto plain,"Owi Island No. 1, layer 2",6.0,0.05,0.007547833814908444
 Japan,Kanto plain,"Sunamachi,. Tokyo Bay",6.5,0.1,0.012127984896025365
 Japan,Kanto plain,Owi Island No. 1 C2 lower,5.9,0.08,0.0241239067402939
 Japan,Kanto plain,Owi Island No. 1 C2 upper,5.9,0.08,0.046533791741034336
 Japan,Kanto plain,"Owi Island No. 1 C2 lower, Tokyo",6.0,0.06,0.0241239067402939
 Japan,Kanto plain,"Owi Island No. 1 C2 upper, Tokyo",6.0,0.06,0.046533791741034336
 Japan,Kanto plain,"Sunamachi No. 14 land, Tokyo",6.5,0.1,0.01202743098560326
 Japan,Kanto plain,Owi Island,6.0,0.097,0.05976895753229642
 Japan,Niigata plain,D - Kawagisho-cho,7.5,0.16,0.6095078555314405
 Japan,Niigata plain,E - Showa bridge (left bank),7.5,0.16,0.7188879591168452
 Japan,Niigata plain,F - Show Bridge (right bank},7.5,0.16,0.09220321658360038
 Japan,Niigata plain,D - Kawagisho-cho,7.6,0.162,0.6985518733174901
 Japan,Niigata plain,E - Showa bridge (left bank),7.6,0.162,0.7652043697903256
 Japan,Niigata plain,F - Show Bridge (right bank},7.6,0.162,0.08381579957978796
 Japan,Niigata plain,Cc17-1,7.5,0.16,0.7235249928237376
 Japan,Niigata plain,Old Town -1,7.5,0.18,0.1359356355951686
 Japan,Niigata plain,Old Town -2,7.5,0.18,0.05343901503012715
 Japan,Niigata plain,Rail Road-1,7.5,0.16,0.7235249928237376
 Japan,Niigata plain,River Site,7.5,0.16,0.8077343818711602
 Japan,Niigata plain,Road Site,7.5,0.18,0.5193682199261759
 Japan,Niigata plain,Showa Br 2,7.5,0.16,0.8672055245576454
 Japan,Niigata plain,Showa Br 4,7.5,0.18,0.0631966387518209
 Japan,Niigata plain,Cc17-2,7.5,0.16,0.7542383923888781
 Japan,Niigata plain,Kawagishicho,7.5,0.16,0.8930859365056831
 Japan,Niigata plain,Kawagishicho,7.5,0.16,0.5222635316106325
 Japan,Niigata plain,South Bank,7.5,0.16,0.19249398099368195
 Japan,Niigata plain,Niigata. Railway Station ,7.5,0.16,0.5835747155508478
 Japan,Niigata plain,Niigata. Site A1,7.5,0.16,0.2528229701497587
 Japan,Niigata plain,Niigata. Site C1,7.5,0.16,0.8519735445522855
 Japan,Niigata plain,Niigata. Site C2,7.5,0.16,0.8519735445522855
 Japan,Niigata plain,Niigata,7.5,0.16,0.4963100615392281
 Japan,Niigata plain,Niigata,7.5,0.16,0.11947166401017949
 Japan,Niigata plain,Niigata,7.5,0.16,0.22468705273842743
 Japan,Niigata plain,Niigata,7.5,0.16,0.05050976509487715
 Japan,Niigata plain,Showa Br. 2,7.5,0.16,0.8672055245576454
 Japan,Niigata plain,Showa Br. 4,7.5,0.16,0.05754322653068109
 Japan,Niigata plain,Road Site,7.5,0.16,0.1267163044303669
 Japan,Niigata plain,River Site,7.5,0.16,0.7283499725905714
 Japan,Niigata plain,A1,7.5,0.16,0.27189646005479395
 Japan,Niigata plain,C1,7.5,0.16,0.8519735445522855
 Japan,Niigata plain,C2,7.5,0.16,0.8519735445522855
 Japan,Niigata plain,"Meikun High School Hiroba, Kawagishi-Cho",7.5,0.18,0.8438294350675609
 Japan,Niigata plain,Niigata Airport/Shitayama-Cho,7.5,0.18,0.822212905229372
 Japan,Niigata plain,"Nuttari H.S.,Niigata Station-Hotel Niigata Area",7.5,0.18,0.48605678310121536
 Japan,Niigata plain,Ogata Primary School,7.5,0.18,0.6493281975798814
 Japan,Niigata plain,Niigata Minami H.S.,7.5,0.18,0.627732144549616
 Japan,Niigata plain,"South Bank Shinano River, Showa Bridge",7.5,0.18,0.627732144549616
 Japan,Niigata plain,Kashiwazaki Sand Dune,7.5,0.68,0.9330694045563739
 Japan,Niigata plain,Plant 5 Store Sand Dune,7.5,0.68,0.9330694045563739
 Japan,Niigata plain,Kawagishi-cho,7.6,0.17,0.8088070697648452
 Japan,Niigata plain,"Site E (Showa Bridge, Left Bank)",7.6,0.16,0.8898189700495033
 Japan,Niigata plain,Cc17,7.6,0.17,0.8554794973585035
 Japan,Niigata plain,Road Site,7.6,0.16,0.3082017226209466
 Japan,Tohoku region,Akita A,7.7,0.17,0.8786610532782728
 Japan,Tohoku region,Akita B,7.7,0.17,0.8208231094593702
 Japan,Tohoku region,Akita C,7.7,0.17,0.3670722108764615
 Japan,Tohoku region,Nakajima-18,7.4,0.24,0.9050424324021115
 Japan,Tohoku region,Nakajima-2,7.4,0.24,0.6273485079494103
 Japan,Tohoku region,Arayamotomachi,7.5,0.09,0.7437942612083431
 Japan,Tohoku region,Arayamotomachi Coarse Sand,7.1,0.15,0.09202995849805196
 Japan,Tohoku region,Arayamotomachi,7.7,0.2,0.9200341711103874
 Japan,Tohoku region,Gaiko Wharf B-2,7.7,0.23,0.9168142239913573
 Japan,Tohoku region,Noshiro Section N-7,7.7,0.25,0.7862925172075702
 Japan,Tohoku region,Ohama No. 1(4),7.7,0.205,0.11688012244072013
 Japan,Tohoku region,Noshiro-Cho,7.7,0.23,0.07862500057290299
 Japan,Tohoku region,Noshiro-Cho,7.7,0.23,0.8994751340653289
 Japan,Tohoku region,Noshirocho,7.7,0.23,0.07862500057290299
 Japan,Tohoku region,Noshirocho,7.7,0.23,0.8994751340653289
 Japan,Tohoku region,Nakajima 18,6.7,0.12,0.020454443645384315
 Japan,Tohoku region,Nakajima 18,7.4,0.24,0.667280530539022
 Japan,Tohoku region,Araya-Motomachi,7.7,0.2,0.8998707226967946
 Japan,Tohoku region,Gaiko Wharf,7.7,0.23,0.8075937827975143
 Japan,Tohoku region,Gomyoko,7.7,0.25,0.9057946539896797
 Japan,Tohoku region,Maeyama Hill,7.7,0.25,0.8899412380107938
 Japan,Tohoku region,Matsu Micho,7.7,0.25,0.9057946539896797
 Japan,Tohoku region,Nakajima Wharf,7.4,0.76,0.9198207201010905
 Japan,Tohoku region,Hachirogata,7.7,0.158,0.6334758811594225
 Japan,Tohoku region,Akita A,7.7,0.17,0.8858578680355764
 Japan,Tohoku region,Akita B,7.7,0.17,0.8948178542365306
 Japan,Tohoku region,Arayamotomachi,7.7,0.09,0.5030730006375981
 Japan,Tohoku region,Nakajima - Akita Port,7.7,0.208,0.8608366944551066
 Japan,Tohoku region,Noshiro Section N-7,7.7,0.25,0.5545807199017071
 Japan,Tohoku region,Gaiko - Akita Port,7.7,0.214,0.9470711568089577
 Japan,Tohoku region,Nakajima,7.7,0.24,0.6744765069840906
 Japan,Tohoku region,Nakajima,7.7,0.14,0.1217777781072068
 Japan,Tohoku region,Akita Station,7.7,0.223,0.594554020213585
 Japan,Tohoku region,Hinode Minami ES,9.0,0.17,0.14562313299251398
 Japan,Tohoku region,Hosoyama Nekki,9.0,0.18,0.380559289732549
 Japan,Tohoku region,Takasu Kaihin Park,9.0,0.22,0.3921970851672576
 Japan,Tohoku region,Akemi ES,9.0,0.169,0.11433321970459251
 Japan,Tohoku region,Hinode ES,9.0,0.199,0.9275756257394401
 Japan,Tohoku region,Irifune NS,9.0,0.256,0.9296989850080127
 Japan,Tohoku region,Hachinohe - 2,7.9,0.23,0.1230531459862364
 Japan,Tohoku region,Hachinohe - 4,7.9,0.23,0.582252043419771
 Japan,Tohoku region,Hachinohe - 6,7.9,0.23,0.9583878519569053
 Japan,Tohoku region,Aomori Station,7.9,0.21,0.7802894114506104
 Japan,Tohoku region,Takeda Elementary School,7.7,0.28,0.9376896872222698
 Japan,Tohoku region,Arakawa 7,7.9,0.2,0.8395634609901125
 Japan,Tohoku region,Arakawa 7,7.9,0.2,0.863315420511371
 Japan,Tohoku region,Arakawa 12,7.9,0.2,0.7474885354129777
 Japan,Tohoku region,Arakawa 21,7.9,0.2,0.8803429228372427
 Japan,Tohoku region,Arakawa 30,7.9,0.2,0.8937958051930567
 Japan,Tohoku region,Hachinohe 2,7.9,0.23,0.11382493239444896
 Japan,Tohoku region,Hachinohe 3,7.9,0.23,0.8987577918675427
 Japan,Tohoku region,Hachinohe 4,7.9,0.23,0.1256594146714439
 Japan,Tohoku region,"Shimoushigata, Shariki-Cho",7.7,0.13,0.8384980984179092
 Japan,Tohoku region,Aomori Station,7.7,0.12,0.7335514078967955
 Japan,Tohoku region,Takeda Elementary School,7.0,0.12,0.7523003778585112
 Japan,Tohoku region,Aomori,8.2,0.17,0.6999617119583683
 Japan,Tohoku region,Aomori,7.7,0.133,0.40765841606783176
 Japan,Tohoku region,Aomori Railway Station,7.7,0.118,0.19418195394202487
 Japan,Tohoku region,Takeda Elementary School,8.2,0.28,0.9358030250855272
 Japan,Tohoku region,Nakamura 5,6.7,0.12,0.17694369376494698
 Japan,Tohoku region,Oiiri 1,6.7,0.14,0.11356020544624446
 Japan,Tohoku region,Nakamura 1,7.4,0.32,0.642919693238145
 Japan,Tohoku region,Nakamura 4,7.4,0.32,0.9655899647565175
 Japan,Tohoku region,Nakamura 5,7.4,0.32,0.9325975038479835
 Japan,Tohoku region,Oiiri 1,7.4,0.24,0.861839649346479
 Japan,Tohoku region,Nakamura 4,6.7,0.12,0.33942901386451785
 Japan,Tohoku region,Nakamura 5,6.7,0.12,0.119763270182222
 Japan,Tohoku region,Oiiri 1,6.7,0.14,0.0844422696804743
 Japan,Tohoku region,Oiiri 2,6.7,0.14,0.19249045418183847
 Japan,Tohoku region,Nakamura 1,7.4,0.32,0.1115350965922114
 Japan,Tohoku region,Nakamura 4,7.4,0.32,0.9616824216237351
 Japan,Tohoku region,Nakamura 5,7.4,0.32,0.9460699309681935
 Japan,Tohoku region,Oiiri 1,7.4,0.24,0.8269897073988304
 Japan,Tohoku region,Oiiri 2,7.4,0.24,0.8568507442580497
 Japan,Tohoku region,Nakamura Dike,7.4,0.32,0.8770277698203631
 Japan,Tohoku region,Nakamura Dike,6.7,0.12,0.15812606268048487
 Japan,Tohoku region,Nakamura Dike,7.0,0.23,0.8226220290106335
 Japan,Tohoku region,Nakamura Dike,7.4,0.2,0.8730248439266959
 Japan,Tohoku region,Hiyori-18,6.7,0.14,0.10103793181037363
 Japan,Tohoku region,lshinomaki-2,6.7,0.12,0.13913277931027526
 Japan,Tohoku region,Shiomi 6,6.7,0.14,0.11878629462018032
 Japan,Tohoku region,Yuriagekami-1,6.7,0.12,0.10986907926034398
 Japan,Tohoku region,Arahama,7.4,0.2,0.9180387629681468
 Japan,Tohoku region,Hiyori-18,7.4,0.24,0.8167777876293298
 Japan,Tohoku region,lshinomaki-2,7.4,0.2,0.9320130341901218
 Japan,Tohoku region,lshinomaki-4,7.4,0.2,0.2511764338503608
 Japan,Tohoku region,Kitawabuchi-2,7.4,0.28,0.8492672228030542
 Japan,Tohoku region,Kitawabuchi-3,7.4,0.28,0.5777359802385003
 Japan,Tohoku region,Shiomi-6,7.4,0.24,0.9027356047597916
 Japan,Tohoku region,Yuriage Br-1,7.4,0.24,0.9429635308546973
 Japan,Tohoku region,Yuriage Br-2,7.4,0.24,0.5946866461488964
 Japan,Tohoku region,Yuriage Br-3,7.4,0.24,0.9404032987481445
 Japan,Tohoku region,Yuriage Br-5,7.4,0.24,0.23903990812612758
 Japan,Tohoku region,Yuriagekami-1,7.4,0.24,0.9284328222220809
 Japan,Tohoku region,Yuriagekami-2,7.4,0.24,0.9333296533214207
 Japan,Tohoku region,Yuriagekami-3,7.4,0.24,0.2636369203026107
 Japan,Tohoku region,Nakamura Dyke N-1,7.7,0.32,0.13070594297536348
 Japan,Tohoku region,Arahama,6.7,0.1,0.042832245765083626
 Japan,Tohoku region,Yuriageka 1,6.7,0.12,0.1175355677698703
 Japan,Tohoku region,Yuriageka 2,6.7,0.12,0.013938297488268107
 Japan,Tohoku region,Yuriageka 1,6.7,0.12,0.09637985162267126
 Japan,Tohoku region,Yuriage Br 2,6.7,0.12,0.01864267255505983
 Japan,Tohoku region,Yuriage Br 3,6.7,0.12,0.025546629603840514
 Japan,Tohoku region,Kitawabu 2,6.7,0.14,0.01693965824826018
 Japan,Tohoku region,Shiomi 6,6.7,0.14,0.07909792194196306
 Japan,Tohoku region,Hiyori 18,6.7,0.14,0.08057064469015572
 Japan,Tohoku region,lshinomaki2,6.7,0.12,0.11684660438476585
 Japan,Tohoku region,Arahama,7.4,0.2,0.7734833121359183
 Japan,Tohoku region,Yuriageka 1,7.4,0.24,0.9418596242970866
 Japan,Tohoku region,Yuriageka 2,7.4,0.24,0.4716113654072182
 Japan,Tohoku region,Yuriageka 3,7.4,0.24,0.11302856833340766
 Japan,Tohoku region,Yuriage Br1,7.4,0.24,0.9284328222220809
 Japan,Tohoku region,Yuriage Br2,7.4,0.24,0.4889703137739012
 Japan,Tohoku region,Yuriage Br3,7.4,0.24,0.8233160074758166
 Japan,Tohoku region,Yuriage Br5,7.4,0.24,0.4124767015699376
 Japan,Tohoku region,Kitawabu 2,7.4,0.28,0.5470475045168338
 Japan,Tohoku region,Kitawabu 3,7.4,0.28,0.10141365697770324
 Japan,Tohoku region,Shiomi 6,7.4,0.24,0.8553636137778663
 Japan,Tohoku region,Hiyori 5,7.4,0.24,0.10588221427992865
 Japan,Tohoku region,Hiyori 18,7.4,0.24,0.8600376537775907
 Japan,Tohoku region,Sendaikou 1,7.4,0.24,0.41617927913430086
 Japan,Tohoku region,Sendaikou 4,7.4,0.24,0.4014770814408437
 Japan,Tohoku region,Ishiriomaki 2,7.4,0.2,0.9216759185424007
 Japan,Tohoku region,Ishiriomaki 4,7.4,0.2,0.3283400918481077
 Japan,Tohoku region,Arahama Sewage Plant,7.4,0.2,0.9240782078053298
 Japan,Tohoku region,Fishery Port/Oiltank (Unimproved),7.4,0.2,0.9095495366674414
 Japan,Tohoku region,"Hiyori Wharf, Port Of Ishinomaki",7.4,0.24,0.620543627904458
 Japan,Tohoku region,"Kitawabuchi, Eai River, Old Meander",7.4,0.28,0.9123789551962608
 Japan,Tohoku region,"Kitawabuchi, Eai River, Old Meander",7.4,0.28,0.8474482058913676
 Japan,Tohoku region,"Shiomi Wharf, Port Of Ishinomaki",7.4,0.24,0.90827718922598
 Japan,Tohoku region,Shiom-Minami Wharf,7.4,0.2,0.8684860358604451
 Japan,Tohoku region,Yuriage-Ohashi,7.4,0.24,0.9057946539896797
 Japan,Tohoku region,Fishery Port/Oiltank (Unimproved),6.7,0.12,0.18602252497557695
 Japan,Tohoku region,"Kitawabuchi, Eai River, Old Meander",6.7,0.14,0.27095917170358214
 Japan,Tohoku region,"Kitawabuchi, Eai River, Old Meander",6.7,0.14,0.09819364489324567
 Japan,Tohoku region,Shiom-Minami Wharf,6.7,0.12,0.06447697457781947
 Japan,Tohoku region,Yuriage Kam-2,6.7,0.12,0.25615269875795305
 Japan,Tohoku region,Yuriage-Ohashi,6.7,0.12,0.15812606268048487
 Japan,Tohoku region,"Hiyori Wharf, Port Of Ishinomaki",7.0,0.28,0.6487096643691748
 Japan,Tohoku region,"Kitawabuchi, Eai River, Old Meander",7.0,0.26,0.8898949237085922
 Japan,Tohoku region,"Kitawabuchi, Eai River, Old Meander",7.0,0.26,0.8117405304613037
 Japan,Tohoku region,Shiomominami Wharf,7.0,0.28,0.8909332408955204
 Japan,Tohoku region,Yuriage Kami-2,7.0,0.23,0.8968331834451995
 Japan,Tohoku region,Yuriage-Ohashi,7.0,0.23,0.886114012163812
 Japan,Tohoku region,"Kitawabuchi, Eai River, Old Meander",9.0,0.27,0.9158208149197975
 Japan,Tohoku region,Arahama Sewage Plant,7.4,0.4,0.9400743422130332
 Japan,Tohoku region,"Shiomi Wharf, Port Of Ishinomaki",7.4,0.76,0.9278010194841676
 Japan,Tohoku region,"Hiyori Wharf, Port Of Ishinomaki",7.4,0.36,0.7240378127384562
 Japan,Tohoku region,Yuriage Kam-2,7.4,0.4,0.9280624821240759
 Japan,Tohoku region,Yuriage-Ohashi,7.4,0.4,0.9280624821240759
 Japan,Tohoku region,Fishery Port/Oiltank (Unimproved),7.4,0.76,0.9330694045563739
 Japan,Tohoku region,"Kitawabuchi, Eai River, Old Meander",7.4,0.38,0.9224664030215773
 Japan,Tohoku region,"Kitawabuchi, Eai River, Old Meander",7.4,0.38,0.9224664030215773
 Japan,Tohoku region,Kozuka,9.1,1.07,0.5256878012750934
 Japan,Tohoku region,MYG010,9.1,0.395,0.9426211152017505
 Japan,Tohoku region,MYG013,9.1,1.241,0.7467406445184855
 Japan,Tohoku region,Nakashimo,9.1,0.58,0.5420997547082587
 Japan,Tohoku region,"Arahama (A-9, Sewage Plant)",7.7,0.2,0.9099144833462881
 Japan,Tohoku region,"Arahama (A-9, Sewage Plant)",6.5,0.1,0.09273143759818853
 Japan,Tohoku region,Hiyori,6.5,0.14,0.021187180003738062
 Japan,Tohoku region,Kitawabuchi,6.5,0.14,0.16320056148352205
 Japan,Tohoku region,Kitawabuchi,7.7,0.28,0.9315742128583931
 Japan,Tohoku region,Yuriage Bridge,6.5,0.14,0.2843898449360075
 Japan,Tohoku region,Yuriage Bridge,7.7,0.24,0.9448024348377271
 Japan,Tohoku region,Yuriagekami,6.5,0.14,0.1633506008682223
 Japan,Tohoku region,Yuriagekami,7.7,0.24,0.858779816017249
 Japan,Tohoku region,Ishinomaki,7.7,0.2,0.8284502056430734
 Japan,Tohoku region,Ishinomaki,6.5,0.12,0.05807565714932288
 USA,Imperial Valley,Kornbloom B,6.5,0.13,0.08876393254121244
 USA,Imperial Valley,Radio Tower B2,6.5,0.16,0.07914903608547601
 USA,Imperial Valley,Wildlife B,5.9,0.23,0.7721120956888374
 USA,Imperial Valley,Wildlife B,6.2,0.17,0.34967955869105344
 USA,Imperial Valley,Kornbloom Rd (K4),6.53,0.13,0.12782857798495414
 USA,Imperial Valley,McKim Ranch-Unit A (M7),6.53,0.51,0.9298837939071448
 USA,Imperial Valley,Radio Tower-Unit 8 (R2),6.53,0.2,0.7135952300193549
 USA,Imperial Valley,Radio Tower-Unit 8 (R4),6.53,0.2,0.1510628105338056
 USA,Imperial Valley,Kornbloom Rd (K4),5.9,0.32,0.9110690292157894
 USA,Imperial Valley,McKim Ranch-Unit A (M7),5.9,0.09,0.0922832463543821
 USA,Imperial Valley,"Radio Tower, Unit B (R4)",5.9,0.2,0.1751062484701037
 USA,Imperial Valley,Wildlife B,5.9,0.26,0.7933724988539228
 USA,Imperial Valley,Wildlife B,6.22,0.133,0.11704771969828806
 USA,Imperial Valley,Kombloom Rd (K4),6.54,0.174,0.33273149682500874
 USA,Imperial Valley,"Radio Tower, Unit B (R2)",6.54,0.2,0.7135952300193549
 USA,Imperial Valley,Heber Road A1,6.6,0.47,0.05141166455284154
 USA,Imperial Valley,Heber Road A2,6.6,0.47,0.9350805781330371
 USA,Imperial Valley,Heber Road A3,6.6,0.47,0.4809425756402156
 USA,Imperial Valley,McKim Ranch A,6.6,0.51,0.9328028316214154
 USA,Imperial Valley,River Park A,6.6,0.16,0.6919201301115366
 USA,Imperial Valley,Kombloom B,5.6,0.19,0.5838433139394779
 USA,Imperial Valley,Radio Tower B1,5.6,0.17,0.6197804587499705
 USA,Imperial Valley,Wildlife B,5.6,0.23,0.7921032232761742
 USA,Imperial Valley,Heber Road A2,6.7,0.15,0.3428178058999128
 USA,Imperial Valley,Kombloom B,6.7,0.17,0.32096401815511494
 USA,Imperial Valley,Radio Tower B2,6.7,0.18,0.09278195179000685
 USA,Imperial Valley,River Park C,6.7,0.19,0.08577114268345239
 USA,Imperial Valley,Heber Road A1,6.5,0.78,0.04361531043674237
 USA,Imperial Valley,Heber Road (Unit A2),6.6,0.8,0.9112880317332438
 USA,Imperial Valley,Heber Road (Unit A3),6.6,0.8,0.8763415996776279
 USA,Imperial Valley,Heber Road (Unit C),6.6,0.2,0.27027233513015547
 USA,Imperial Valley,River Park Wildlife (1Cg),6.6,0.15,0.21025209629427663
 USA,Imperial Valley,River Park Wildlife (1Cp),6.6,0.15,0.19445022459502784
 USA,Imperial Valley,River Park Wildlife (2Cg),6.6,0.15,0.1598340751603944
 USA,Imperial Valley,River Park Wildlife (3Cg),6.6,0.15,0.24199365871446787
 USA,Imperial Valley,River Park Wildlife (3Cp ),6.6,0.15,0.19445022459502784
 USA,Imperial Valley,River Park Wildlife (4Cg),6.6,0.15,0.183403315189122
 USA,Imperial Valley,River Park Wildlife (5Cg),6.6,0.15,0.1843799166501124
 USA,Imperial Valley,River Park Wildlife (6Cg),6.6,0.15,0.1512199550266029
 USA,Imperial Valley,River Park Wildlife (6Ct),6.6,0.15,0.18601740270590575
 USA,Imperial Valley,River Park Wildlife (7Cg),6.6,0.15,0.14037782868645265
 USA,Imperial Valley,Vail Canal (V2),6.6,0.13,0.027847070765528326
 USA,Imperial Valley,Vail Canal (V3),6.6,0.13,0.06194487859540335
 USA,Imperial Valley,Vail Canal (V4),6.6,0.13,0.07058173416591113
 USA,Imperial Valley,Vail Canal (V5),6.6,0.13,0.030525429092878555
 USA,Imperial Valley,Kornbloom Road (K4),6.6,0.08,0.044514420725617856
 USA,Imperial Valley,Kornbloom Road (K5),6.6,0.08,0.053662781041563926
 USA,Imperial Valley,Radio tower( R1),6.6,0.18,0.7056629737165424
 USA,Imperial Valley,Radio tower(R2),6.6,0.18,0.38202750854305756
 USA,Imperial Valley,Radio tower(R4),6.6,0.18,0.10163445478222212
 USA,Imperial Valley,McKim Ranch(M1),6.6,0.55,0.9269475296404913
 USA,Imperial Valley,McKim Ranch(M5 ),6.6,0.55,0.9101852718975211
 USA,Imperial Valley,McKim Ranch(M7),6.6,0.55,0.9264035340759245
 USA,Imperial Valley,McKim Ranch(M8),6.6,0.55,0.9178232338019287
 USA,Imperial Valley,Wildlife (1Cg),6.0,0.33,0.9210039863967137
 USA,Imperial Valley,Wildlife (1Cp),6.0,0.33,0.9112084478615193
 USA,Imperial Valley,Wildlife (2Cg),6.0,0.33,0.8985051854142457
 USA,Imperial Valley,Wildlife (3Cg),6.0,0.33,0.9330239251385654
 USA,Imperial Valley,Wildlife (3Cp ),6.0,0.33,0.9112084478615193
 USA,Imperial Valley,Wildlife (4Cg),6.0,0.33,0.9276024847564325
 USA,Imperial Valley,Wildlife (5Cg),6.0,0.33,0.9267842654066323
 USA,Imperial Valley,Wildlife (6Cg),6.0,0.33,0.9161042383845607
 USA,Imperial Valley,Wildlife (6Ct),6.0,0.33,0.9044362839225203
 USA,Imperial Valley,Wildlife (7Cg),6.0,0.33,0.8908801654946795
 USA,Imperial Valley,Vail Canal (V1),6.0,0.37,0.3014113486418612
 USA,Imperial Valley,Vail Canal (V2),6.0,0.37,0.7903543466363467
 USA,Imperial Valley,Vail Canal (V3),6.0,0.37,0.875273358762642
 USA,Imperial Valley,Vail Canal (V4),6.0,0.37,0.9082030693261325
 USA,Imperial Valley,Kornbloom Road (K1),6.0,0.37,0.6609276100567893
 USA,Imperial Valley,Kornbloom Road (K3),6.0,0.37,0.6609276100567893
 USA,Imperial Valley,Kornbloom Road (K4),6.0,0.37,0.9255446519239269
 USA,Imperial Valley,Kornbloom Road (K4),6.0,0.37,0.6139121544651417
 USA,Imperial Valley,Kornbloom Road (K5),6.0,0.37,0.08879609964436504
 USA,Imperial Valley,Radio tower(R1),6.0,0.29,0.9329749823504194
 USA,Imperial Valley,Radio tower(R2),6.0,0.29,0.8977280237234524
 USA,Imperial Valley,Radio tower(R4),6.0,0.29,0.5479371286275437
 USA,Imperial Valley,McKim Ranch(M1),6.0,0.1,0.0701556133740415
 USA,Imperial Valley,McKim Ranch(M5),6.0,0.1,0.05342474908503665
 USA,Imperial Valley,McKim Ranch(M7),6.0,0.1,0.07879682749246474
 USA,Imperial Valley,McKim Ranch(M8),6.0,0.1,0.0701556133740415
 USA,Imperial Valley,Wildlife-2Ng1,6.6,0.21,0.8115929308911631
 USA,Imperial Valley,Heber Road-4,6.6,0.1,0.16196870514419348
 USA,Imperial Valley,Heber Road-6,6.6,0.1,0.09415001032550104
 USA,Imperial Valley,McKim Ranch-TM6-7,6.6,0.2,0.712810396620185
 USA,Imperial Valley,Radio Tower-R4,6.6,0.15,0.023098566335873375
 USA,Imperial Valley,River Park-15,6.6,0.15,0.22104992079629252
 USA,Imperial Valley,Vail_V2,6.6,0.21,0.109521324507449
 USA,Imperial Valley,Vail-TV2,6.6,0.21,0.7498751496515775
 USA,Imperial Valley,Heber Road-4,6.6,0.5,0.9112285686859845
 USA,Imperial Valley,Heber Road-6,6.6,0.5,0.9238389044039713
 USA,Imperial Valley,McKim Ranch-TM6-7,6.6,0.51,0.8960642425521482
 USA,Imperial Valley,River Park-15,6.6,0.22,0.7808192439952637
 USA,Imperial Valley,Heber Road-1,6.6,0.5,0.05920676794151315
 USA,Imperial Valley,Heber Road-7,6.6,0.5,0.5010768638431984
 USA,Imperial Valley,Radio Tower-R4,6.6,0.22,0.16800098804164867
 USA,Imperial Valley,Vail-TV2,6.6,0.14,0.11255308858362134
 USA,Imperial Valley,Vail-V2,6.6,0.14,0.01105272828947897
 USA,Imperial Valley,A2(Heber Road),6.6,0.6,0.7516456432181713
 USA,Imperial Valley,A3(Heber Road),6.6,0.6,0.6585361737444967
 USA,Imperial Valley,Unit A(River Park),6.6,0.2,0.8060493593768081
 USA,Imperial Valley,Unit C(River Park),6.6,0.2,0.6693024931533009
 USA,Imperial Valley,Heber Road (A 1),6.6,0.8,0.0643917754360721
 USA,Imperial Valley,Heber Road (A 2),6.6,0.8,0.863325949867538
 USA,Imperial Valley,Heber Road (A3),6.6,0.8,0.7461502508814979
 USA,Imperial Valley,Heber Road Channel Fill. R1-R2,6.5,0.5,0.8701567185947943
 USA,Imperial Valley,Heber Road Channel Fill. S-R1,6.5,0.5,0.8701567185947943
 USA,Imperial Valley,"Heber Road Point Bar, R1-R2",6.5,0.5,0.5457353800331579
 USA,Imperial Valley,"Heber Road Point Bar, S-R1",6.5,0.5,0.3772267116905716
 USA,Imperial Valley,Kornbloom,6.5,0.12,0.07889072956388211
 USA,Imperial Valley,McKIm,6.5,0.51,0.89020909936685
 USA,Imperial Valley,Vall Canal,6.5,0.12,0.0817913409288656
 USA,Imperial Valley,Wildlife,6.5,0.13,0.221145862816513
 USA,Imperial Valley,"Wildlife,1",6.5,0.13,0.221145862816513
 USA,Imperial Valley,"Wildlife,2",6.5,0.13,0.221145862816513
 USA,Imperial Valley,"Heber Road Channel Fill, R1-R2",5.9,0.02,0.03726624307250718
 USA,Imperial Valley,Heber Road Channel Fill. S-R1,5.9,0.02,0.03183540833047407
 USA,Imperial Valley,Heber Road Point Bar. R1-R2,5.9,0.02,0.0064756168868993404
 USA,Imperial Valley,Heber Road Point Bar. S-R1,5.9,0.02,0.0064756168868993404
 USA,Imperial Valley,Kornbloom,5.9,0.36,0.8321719489374719
 USA,Imperial Valley,Radio Tower,5.9,0.2,0.7326349045745865
 USA,Imperial Valley,Vall Canal,5.9,0.3,0.8213364685977627
 USA,Imperial Valley,Wildlife,5.9,0.27,0.8005450682107995
 USA,Imperial Valley,"Wildlife,1",5.9,0.27,0.8005450682107995
 USA,Imperial Valley,"Wildlife,2",5.9,0.27,0.8005450682107995
 USA,Imperial Valley,"Heber Road Channel Fill, S-R1",5.9,0.03,0.03726624307250718
 USA,Imperial Valley,"Heber Road Channel Fill, R1-R3",5.9,0.03,0.03183540833047407
 USA,Imperial Valley,Kombloom,5.9,0.24,0.6390423392457656
 USA,Imperial Valley,McKim ,5.9,0.06,0.05971154355192274
 USA,Imperial Valley,Radio Tower,5.9,0.11,0.09377072442283034
 USA,Imperial Valley,Vail Canal,5.9,0.13,0.11507885680955851
 USA,Imperial Valley,Wildlife,5.9,0.13,0.22879398013549276
 USA,Imperial Valley,"Wildlife,1",5.9,0.13,0.22879398013549276
 USA,Imperial Valley,"Wildlife.,2",5.9,0.13,0.22879398013549276
 USA,Imperial Valley,Heber Road Channel Fill. R1-R2,6.5,0.18,0.27682622863422013
 USA,Imperial Valley,Heber Road Channel Fill. S-R2,6.5,0.18,0.27682622863422013
 USA,Imperial Valley,"Heber Road Point Bar, R1-R2",6.5,0.18,0.05534124332418078
 USA,Imperial Valley,"Heber Road Point Bar, S-R1",6.5,0.18,0.049525245991337924
 USA,Imperial Valley,Kornbloom,6.5,0.21,0.5693379239081631
 USA,Imperial Valley,McKIm,6.5,0.19,0.4565794918321187
 USA,Imperial Valley,Radio Tower ,6.5,0.2,0.6890776166259841
 USA,Imperial Valley,Vall Canal,6.5,0.2,0.5464045008583213
 USA,Imperial Valley,Wildlife,6.5,0.2,0.7324973757368641
 USA,Imperial Valley,"Wildlife, 1",6.5,0.2,0.7324973757368641
 USA,Imperial Valley,"Wlidlife, 2",6.5,0.2,0.7324973757368641
 USA,Imperial Valley,Heber Rd 1,6.6,0.6,0.025976666325532746
 USA,Imperial Valley,Heber Rd 4,6.6,0.6,0.8905647280749588
 USA,Imperial Valley,Heber Rd 7,6.6,0.6,0.3443823388734405
 USA,Imperial Valley,River Park 6,6.6,0.2,0.89118464205145
 USA,Imperial Valley,River Park 6,6.6,0.2,0.7275566446110504
 USA,Imperial Valley,"Heber Road, channel fill, R1R2",6.5,0.5,0.8753069392312933
 USA,Imperial Valley,"Heber Road, channel fill, SR1",6.5,0.5,0.8855939362691575
 USA,Imperial Valley,"Heber Road, Point Bar, R1R2",6.5,0.5,0.5837418891371421
 USA,Imperial Valley,"Heber Road, point bar, SR1",6.5,0.5,0.7277152487330821
 USA,Imperial Valley,McKim,6.5,0.51,0.8952073267049393
 USA,Imperial Valley,Radio Tower,6.5,0.21,0.6986470861563748
 USA,Imperial Valley,Vail Canal,6.5,0.12,0.08327284281809665
 USA,Imperial Valley,Wildlife 3,6.5,0.13,0.221145862816513
 USA,Imperial Valley,Wildlife 1,6.5,0.13,0.221145862816513
 USA,Imperial Valley,Wildlife 2,6.5,0.13,0.221145862816513
 USA,Imperial Valley,"Heber Road, point bar, SRI",5.9,0.02,0.012442747728675901
 USA,Imperial Valley,Kornbloom,5.9,0.36,0.8602890874585675
 USA,Imperial Valley,McKim,5.9,0.06,0.08790678175780842
 USA,Imperial Valley,Vail Canal,5.9,0.3,0.8213364685977627
 USA,Imperial Valley,"Heber Road, channel fill, R1R2",6.5,0.18,0.3231369320517324
 USA,Imperial Valley,"Heber Road, channel fill, SRI",6.5,0.18,0.3231369320517324
 USA,Imperial Valley,"Heber Road, point bar, SRI",6.5,0.18,0.09103031331474032
 USA,Imperial Valley,Kornbloom,6.5,0.15,0.1786164904113533
 USA,Imperial Valley,McKim,6.5,0.19,0.5260057033223299
 USA,Imperial Valley,Radio Tower,6.5,0.15,0.13429308748467572
 USA,Imperial Valley,Vail Canal,6.5,0.15,0.13429308748467572
 USA,Imperial Valley,Wildlife 3,6.5,0.2,0.7324973757368641
 USA,Imperial Valley,Wildlife 1,6.5,0.2,0.7324973757368641
 USA,Imperial Valley,Wildlife 2,6.5,0.2,0.7324973757368641
 USA,Imperial Valley,Kornbloom,5.9,0.15,0.2243190750931239
 USA,Imperial Valley,Radio Tower,5.9,0.11,0.0988906341408328
 USA,Imperial Valley,Vail Canal,5.9,0.1,0.07160911724331162
 USA,Imperial Valley,Bonds Corner,6.53,0.687,0.86615639426406
 USA,Imperial Valley,McKim Ranch,6.53,0.09,0.10256194228214234
 USA,Imperial Valley,McKim Ranch,5.9,0.51,0.9014037519026032
 USA,Imperial Valley,Radio Tower,5.9,0.18,0.5547384422830364
 USA,Imperial Valley,River Park,6.53,0.16,0.36876217401651046
 USA,Imperial Valley,Heber Road,6.54,0.47,0.910208538281198
 USA,Imperial Valley,Kornbloom,6.53,0.19,0.8100109556987329
 USA,Imperial Valley,Kornbloom,6.54,0.17,0.6265328709087332
 USA,Imperial Valley,River Park,7.6,0.17,0.8005612132417355
 USA,Lost River Range,Pence Ranch,6.9,0.3,0.9048713729884179
 USA,Lost River Range,Pence Ranch 1 & 2,6.88,0.3,0.9213383036609687
 USA,Lost River Range,Andersen Bar. SA-1,6.9,0.29,0.8940940572843131
 USA,Lost River Range,Andersen Bar. X1-X2,6.9,0.29,0.8940940572843131
 USA,Lost River Range,Goddard Ranch. SA-2,6.9,0.3,0.8843917275669319
 USA,Lost River Range,"Goddard Ranch, SA-4",6.9,0.3,0.8843917275669319
 USA,Lost River Range,"Mackay Dam, Toe",6.9,0.23,0.03830787695334543
 USA,Lost River Range,North Gravel Bar. Bar site,6.9,0.46,0.35050845336563047
 USA,Lost River Range,North Gravel Bar. Terrace,6.9,0.46,0.10595630336420549
 USA,Lost River Range,"Pence Ranch, SA-1",6.9,0.36,0.8694753493372448
 USA,Lost River Range,"Pence Ranch, SA-2",6.9,0.36,0.8872832197644354
 USA,Lost River Range,"Pence Ranch, SA-3",6.9,0.36,0.8694753493372448
 USA,Lost River Range,"Pence Ranch, SA-4",6.9,0.36,0.8640841286089822
 USA,Lost River Range,"Pence Ranch, SA-5",6.9,0.36,0.8872832197644354
 USA,Lost River Range,"Pence Ranch, SA-A",6.9,0.36,0.8694753493372448
 USA,Lost River Range,"Pence Ranch, SA-B",6.9,0.36,0.8694753493372448
 USA,Lost River Range,"Pence Ranch, SA-C",6.9,0.36,0.8694753493372448
 USA,Lost River Range,"Pence Ranch, SA-D",6.9,0.36,0.8016803862128056
 USA,Lost River Range,"Pence Ranch, SA-E",6.9,0.36,0.8278920158136482
 USA,Lost River Range,"Pence Ranch, XD-XE",6.9,0.36,0.8142172837101693
 USA,Lost River Range,Larter Ranch,6.9,0.5,0.9218691036017272
 USA,Lost River Range,SA1 Anderson Bar,6.9,0.29,0.8981382180240526
 USA,Lost River Range,SA1 North Gravel Bar,6.9,0.46,0.35050845336563047
 USA,Lost River Range,SA1 Pense Ranch,6.9,0.36,0.8918693828611842
 USA,Lost River Range,"SA1,90 Larter Ranch",6.9,0.5,0.7036506122118786
 USA,Lost River Range,SA2 Goddard Ranch,6.9,0.3,0.8940940572843131
 USA,Lost River Range,SA2 Mackay Dam,6.9,0.23,0.07532516936550354
 USA,Lost River Range,SA2 North Gravel Bar,6.9,0.46,0.11833201615471388
 USA,Lost River Range,SA2 Pense Ranch,6.9,0.36,0.89677120806367
 USA,Lost River Range,SA3 Pense Ranch,6.9,0.36,0.8918693828611842
 USA,Lost River Range,SA4 Goddard Ranch,6.9,0.3,0.8940940572843131
 USA,Lost River Range,SA4 Pense Ranch,6.9,0.36,0.8918385598047914
 USA,Lost River Range,SA5 Pense Ranch,6.9,0.36,0.8918385598047914
 USA,Lost River Range,SAA Pense Ranch,6.9,0.36,0.8694753493372448
 USA,Lost River Range,SAB Pense Ranch,6.9,0.36,0.8694753493372448
 USA,Lost River Range,SAC Pense Ranch,6.9,0.36,0.8918693828611842
 USA,Lost River Range,SAD Pense Ranch,6.9,0.36,0.8122747786497633
 USA,Lost River Range,SAE Pense Ranch,6.9,0.36,0.8694753493372448
 USA,Lost River Range,X1X2 Anderson Bar,6.9,0.29,0.8981382180240526
 USA,Lost River Range,X3X4 Larter Ranch,6.9,0.5,0.9218691036017272
 USA,Lost River Range,XDXE Pense Ranch,6.9,0.36,0.8116057684599024
 USA,Lost River Range,Whiskey Springs,6.9,0.5,0.9142811935300974
 USA,Lost River Range,Whiskey Springs Site 1,6.88,0.5,0.856696364034232
 USA,Lost River Range,Whiskey Springs Site 2,6.88,0.5,0.8453114541162481
 USA,Lost River Range,Whiskey Springs Site 3,6.88,0.5,0.9214421822409332
 USA,Lost River Range,SA5 Whiskey Springs,6.9,0.5,0.4501111290816803
 USA,Lost River Range,WS1A Whiskey Springs,6.9,0.5,0.696358186434794
 USA,San Francisco Bay Area,SFOBB-1,7.0,0.28,0.8974433064637154
 USA,San Francisco Bay Area,SFOBB-2,7.0,0.28,0.8318494878912024
 USA,San Francisco Bay Area,POO7-3,7.0,0.28,0.7014584561771163
 USA,San Francisco Bay Area,T.1. Naval Station,7.0,0.16,0.6597064504374646
 USA,San Francisco Bay Area,Alameda Bay,7.0,0.24,0.7999630905703815
 USA,San Francisco Bay Area, Alameda Bay Farm Isl. (HBI-P6),6.93,0.24,0.6920683385043792
 USA,San Francisco Bay Area, Alameda Bay Farm Isl. (Dike),6.93,0.24,0.2735371627229355
 USA,San Francisco Bay Area,POO7-2,6.93,0.28,0.9151670819460377
 USA,San Francisco Bay Area,SFOBB-1,6.93,0.28,0.8991794564119748
 USA,San Francisco Bay Area,SFOBB-2,6.93,0.28,0.8390906501190398
 USA,San Francisco Bay Area,Alameda BF Dike,7.0,0.24,0.10026712760550002
 USA,San Francisco Bay Area,POO7-2,7.0,0.22,0.8964324899781734
 USA,San Francisco Bay Area,POO7-3,7.0,0.22,0.8946545786453661
 USA,San Francisco Bay Area,SFOBB-1&2,7.0,0.27,0.9114637870282296
 USA,San Francisco Bay Area,SFOBB-1,7.1,0.28,0.9220939093811871
 USA,San Francisco Bay Area,SFOBB-5,7.1,0.28,0.7581374794725366
 USA,San Francisco Bay Area,POO7-2,7.1,0.28,0.8785841488689163
 USA,San Francisco Bay Area,POO7-3,7.1,0.28,0.2767050214357347
 USA,San Francisco Bay Area,SFOBB1(San Francisco Oakland Bay Bridge),7.1,0.29,0.911153491518881
 USA,San Francisco Bay Area,SFOBB4,7.1,0.29,0.9096048160214238
 USA,San Francisco Bay Area,"Bay Farm Island, Dike",7.0,0.27,0.19080959047510973
 USA,San Francisco Bay Area,Bay Farm Island. Dike S-R1,7.0,0.27,0.19080959047510973
 USA,San Francisco Bay Area,"Bay Farm Island, Dike R1-R2",7.0,0.27,0.11779078330236957
 USA,San Francisco Bay Area,Bay Farm Island. Loop,7.0,0.27,0.7586185889118053
 USA,San Francisco Bay Area,"Bay Farm Island, Loop S-R1",7.0,0.27,0.7586185889118053
 USA,San Francisco Bay Area,Bay Farm Island. Loop R1-R2,7.0,0.27,0.7586185889118053
 USA,San Francisco Bay Area,"Port of Oakland, POO7-1",7.0,0.24,0.8986329299321257
 USA,San Francisco Bay Area,"Port of Oakland, POO7-2",7.0,0.24,0.8803303193913814
 USA,San Francisco Bay Area,"Port of Oakland, POO7-2",7.0,0.24,0.8880774180834149
 USA,San Francisco Bay Area,Port of Oakland. POO7-2. S-R1,7.0,0.24,0.8986329299321257
 USA,San Francisco Bay Area,Port of Oakland. POO7-2. R1-R2,7.0,0.24,0.7733821399598394
 USA,San Francisco Bay Area,"Port ot Oakland, POO7-3",7.0,0.24,0.755841003232223
 USA,San Francisco Bay Area,Bay Bridge Toll Plaza. S-R1,7.0,0.24,0.8915272242986512
 USA,San Francisco Bay Area,Bay Bridge Toll Plaza. R1-R2,7.0,0.24,0.8915272242986512
 USA,San Francisco Bay Area,Bay Bridge Toll Plaza. SFOBB-1,7.0,0.24,0.8880774180834149
 USA,San Francisco Bay Area,Bay Bridge Toll Plaza. SFOBB-2,7.0,0.24,0.6641811116395696
 USA,San Francisco Bay Area,Alameda Naval Air Station,6.93,0.229,0.8766812314359816
 USA,San Francisco Bay Area,"Port of Oakland, 7th Street Terminal (POO7)",6.93,0.22,0.8422291395580779
 USA,San Francisco Bay Area,San Francisco-Oakland Bay Bridge (SFOBB),6.93,0.27,0.9159755386326357
 USA,San Francisco Bay Area,POR-2,7.0,0.16,0.866510588415532
 USA,San Francisco Bay Area,POR-3,7.0,0.16,0.8570137849589858
 USA,San Francisco Bay Area,POR-4,7.0,0.16,0.838473695072468
 USA,San Francisco Bay Area,POR-2 & 3 & 4,6.93,0.18,0.750400860125583
 USA,San Francisco Bay Area,Hall Avenue,7.0,0.14,0.28877522088562785
 USA,San Francisco Bay Area,POR-2 & 3 & 4,7.0,0.15,0.47732976840639174
 USA,San Francisco Bay Area,East Bay shoreline sites (POR-2),7.1,0.16,0.8620635625059032
 USA,San Francisco Bay Area,East Bay shoreline sites (POR-3),7.1,0.16,0.8687853125744802
 USA,San Francisco Bay Area,East Bay shoreline sites (ACPT7),7.1,0.27,0.8312920916893435
 USA,San Francisco Bay Area,East Bay shoreline sites (BFI-P6),7.1,0.27,0.8369288604808258
 USA,San Francisco Bay Area,Port of richmond (POR4),7.1,0.16,0.882714785314777
 USA,San Francisco Bay Area,Port of Richmond. POR-2,7.0,0.16,0.6864045855302107
 USA,San Francisco Bay Area,Port of Richmond. POR-2,7.0,0.16,0.6864045855302107
 USA,San Francisco Bay Area,"Port of Richmond, POR-2, S-R1",7.0,0.16,0.7330225945596831
 USA,San Francisco Bay Area,"Pott of Richmond. POR-2, R1-R2",7.0,0.16,0.7330225945596831
 USA,San Francisco Bay Area,Port of Richmond. POR-3,7.0,0.16,0.6989264862295568
 USA,San Francisco Bay Area,Port of Rfchmond. POR-4,7.0,0.16,0.6989264862295568
 USA,San Francisco Bay Area,"Port of Richmond, Hall Ave (POR)",6.93,0.18,0.8846904462687274
 USA,San Francisco Bay Area,Treasure Island Fire Station,6.93,0.16,0.6597064504374646
 USA,San Francisco Bay Area,Treasure Island,7.0,0.18,0.7857989383614272
 USA,San Francisco Bay Area,Scattimi (SCA23),7.1,0.23,0.8867814089921354
 USA,San Francisco Bay Area,Scattini (SCA24),7.1,0.23,0.9135650431390298
 USA,San Francisco Bay Area,Scattini (SCA28),7.1,0.23,0.8568000298547476
 USA,San Francisco Bay Area,Scattini (SCA28),7.1,0.23,0.09671502773172855
 USA,San Francisco Bay Area,Marina District (M-2),6.9,0.16,0.45870955342103575
 USA,San Francisco Bay Area,Marina District (M-6),6.9,0.16,0.01547443024071338
 USA,San Francisco Bay Area,"Marina District, No. 2",5.3,0.11,0.09158711203423545
 USA,San Francisco Bay Area,"Marina District, No. 3",5.3,0.11,0.09158711203423545
 USA,San Francisco Bay Area,"Marina District, No. 4",5.3,0.11,0.08066664958541468
 USA,San Francisco Bay Area,"Marina District, No. 5",5.3,0.11,0.006083382404397238
 USA,San Francisco Bay Area,"Marina District, school",5.3,0.11,0.11592136947739844
 USA,San Francisco Bay Area,"Marina District, No. 2",7.0,0.15,0.8019288112760764
 USA,San Francisco Bay Area,"Marina District, No. 3",7.0,0.15,0.8019288112760764
 USA,San Francisco Bay Area,"Marina District, No. 4",7.0,0.15,0.5785425137912518
 USA,San Francisco Bay Area,"Marina District, No. 5",7.0,0.15,0.06745325590266901
 USA,San Francisco Bay Area,"Marina District, School",7.0,0.15,0.6216878828928006
 USA,San Francisco Bay Area,Tl Fire Station. Redpath,7.0,0.13,0.8275834525916903
 USA,San Francisco Bay Area,"Tl Fire Station, Glbbs et al.",7.0,0.13,0.8198372664002035
 USA,San Francisco Bay Area,"TI Fire Station, 1992",7.0,0.13,0.8198372664002035
 USA,San Francisco Bay Area,Tl Fire Station,7.0,0.13,0.8198372664002035
 USA,San Francisco Bay Area,Tl Fire Station. B1-B4,7.0,0.13,0.636201980371999
 USA,San Francisco Bay Area,"Tl Fire Station, B2-B3",7.0,0.13,0.8198372664002035
 USA,San Francisco Bay Area,Tl Fire Station. B2-B4,7.0,0.13,0.8198372664002035
 USA,San Francisco Bay Area,"Tl Fire Station, B4-B5",7.0,0.13,0.8198372664002035
 USA,San Francisco Bay Area,"Tl Fire Station, Portable",7.0,0.13,0.8002888506286173
 USA,San Francisco Bay Area,Tl Perimeter. UM03,7.0,0.14,0.12062843666221146
 USA,San Francisco Bay Area,Tl Perimeter. UM05,7.0,0.14,0.45201402049300393
 USA,San Francisco Bay Area,Tl Perimeter. UM06,7.0,0.141,0.6884412310253012
 USA,San Francisco Bay Area,"Tl Perimeter, UM09",7.0,0.14,0.47496311560305426
 USA,San Francisco Bay Area,"Tl Approach to Pier, SA-5b",7.0,0.14,0.1673900759931314
 USA,San Francisco Bay Area,Tl Approach to Pier. SA-6,7.0,0.14,0.15916318716571956
 USA,San Francisco Bay Area,"Tl Approach to Pier, SA-7",7.0,0.14,0.1673900759931314
 USA,San Francisco Bay Area,Lake Merced,5.5,0.19,0.7494590388639202
 USA,San Francisco Bay Area,B1B4 Treasure Island Fire Station,7.0,0.14,0.8215741479608696
 USA,San Francisco Bay Area,B2B3 Treasure Island Fire Station,7.0,0.14,0.8215741479608696
 USA,San Francisco Bay Area,B2B4 Treasure Island Fire Station,7.0,0.14,0.8215741479608696
 USA,San Francisco Bay Area,"B4,B5 Treasure Island Fire Station",7.0,0.14,0.8215741479608696
 USA,San Francisco Bay Area,SCPT Treasure Island,7.0,0.14,0.8215741479608696
 USA,San Francisco Bay Area,Treasure Island Fire Station,7.0,0.14,0.8215741479608696
 USA,San Francisco Bay Area,"UM011 Treasure Island, perimeter",7.0,0.15,0.7617889410759988
 USA,San Francisco Bay Area,"UM03 Treasure Island, perimeter",7.0,0.13,0.4448437596352618
 USA,San Francisco Bay Area,"UM05 Treasure Island, perimeter",7.0,0.15,0.799251828350127
 USA,San Francisco Bay Area,"UM06 Treasure Island, perimeter",7.0,0.14,0.6254527861398584
 USA,San Francisco Bay Area,"UM09 Treasure Island, perimeter",7.0,0.15,0.7617889410759988
 USA,San Francisco Bay Area,Treasure Island,6.93,0.18,0.7827498265201184
 USA,San Francisco Bay Area,Coyote Creek,7.1,0.17,0.059767641719370594
 USA,San Francisco Bay Area,Coyote Creek,7.1,0.17,0.3361901667188285
 USA,San Francisco Bay Area,CCK-1,6.9,0.17,0.05392796591684375
 USA,San Francisco Bay Area,CCK-16,6.9,0.17,0.07952901261966654
 USA,San Francisco Bay Area,CCK-17,6.9,0.17,0.34213862214429275
 USA,San Francisco Bay Area,CCK-23,6.9,0.17,0.3383463503940478
 USA,San Francisco Bay Area,Coyote Creek. S-R1,7.7,0.36,0.9151165715730842
 USA,San Francisco Bay Area,Coyote Creek. R1-R2,7.7,0.36,0.8567478934309879
 USA,San Francisco Bay Area,Coyote Creek. R1-R3,7.7,0.36,0.8259115206383266
 USA,San Francisco Bay Area,Coyote Creek. R2-R3,7.7,0.36,0.7901967857543954
 USA,San Francisco Bay Area,"Coyote Creek, S-R1",7.0,0.18,0.5765070970898957
 USA,San Francisco Bay Area,Coyote Craak. R1-R2,7.0,0.18,0.35967894052797644
 USA,San Francisco Bay Area,Coyote Creek. R1-R3,7.0,0.18,0.2870110075185376
 USA,San Francisco Bay Area,Coyote Creek. R2-R3 ,7.0,0.18,0.37621928444775593
 USA,San Francisco Bay Area,Coyote Valley,7.7,0.36,0.8854283450557363
 USA,San Francisco Bay Area,Coyote Valley,7.0,0.19,0.5545815243872242
 USA,San Francisco Bay Area,Tome Jones Ranch,7.1,0.55,0.8119071765105633
 USA,San Francisco Bay Area,Tome Jones Ranch,7.1,0.55,0.9511011255710058
 USA,Monterey Bay Area,Miller Farm CMF 8,7.0,0.3,0.8908620610861252
 USA,Monterey Bay Area,Miller Farm CMF 10,7.0,0.3,0.8935301866799705
 USA,Monterey Bay Area,Miller Farm CMF 5,7.0,0.3,0.8737229130079841
 USA,Monterey Bay Area,Miller Farm CMF 3,7.0,0.3,0.9038101905939099
 USA,Monterey Bay Area,Granite Const.,7.0,0.31,0.8981150931707061
 USA,Monterey Bay Area,Jefferson 121,7.0,0.18,0.6283921960397946
 USA,Monterey Bay Area,Jefferson 141,7.0,0.18,0.7950828485154116
 USA,Monterey Bay Area,Jefferson 148,7.0,0.18,0.4067223884701097
 USA,Monterey Bay Area,Jefferson Ranch 32,7.0,0.17,0.691449876265305
 USA,Monterey Bay Area,Leonardini 39,7.0,0.17,0.5956483648554901
 USA,Monterey Bay Area,Leonardini,7.0,0.17,0.8433867476598206
 USA,Monterey Bay Area,Leonardini 53,7.0,0.17,0.5751266808448644
 USA,Monterey Bay Area,Sea Mist 31,7.0,0.17,0.8956909694873058
 USA,Monterey Bay Area,Leonardini 37,7.0,0.17,0.5956483648554901
 USA,Monterey Bay Area,Leonardini 52a,7.0,0.17,0.5510016249946887
 USA,Monterey Bay Area,Matella 111,7.0,0.15,0.4538570332941389
 USA,Monterey Bay Area,Salinas River,7.0,0.12,0.08976228652523671
 USA,Monterey Bay Area,Tanimura 105 ,7.0,0.15,0.24427463285279147
 USA,Monterey Bay Area,Miller Farm (CMF-3),6.93,0.36,0.9385723623433458
 USA,Monterey Bay Area,Miller Farm (OVIF-5),6.93,0.36,0.8968158262158793
 USA,Monterey Bay Area,Miller Farm (CMF-8),6.93,0.36,0.920267064698679
 USA,Monterey Bay Area,Miller Farm (CMF-10),6.93,0.36,0.7785369537659856
 USA,Monterey Bay Area,Leona rdini (LEN-37),6.93,0.22,0.8730251486278765
 USA,Monterey Bay Area,Leona rdini (LEN-39),6.93,0.22,0.8785247511874584
 USA,Monterey Bay Area,Leona rdini (LEN-51),6.93,0.22,0.8559399633768472
 USA,Monterey Bay Area,Leona rdini (LEN-52a),6.93,0.22,0.5300273830183522
 USA,Monterey Bay Area,Leona rdini (LEN-53),6.93,0.22,0.8243928637669171
 USA,Monterey Bay Area,Sea Mist (SEA-31),6.93,0.22,0.9098784634958906
 USA,Monterey Bay Area,Jefferson Ranch (JRR-141),6.93,0.21,0.8803206824510508
 USA,Monterey Bay Area,Jefferson Ranch (JRR-148),6.93,0.21,0.8153494425546725
 USA,Monterey Bay Area,Tanimura (TAN-103),6.93,0.13,0.21076565422711507
 USA,Monterey Bay Area,Tanimura (TAN-105),6.93,0.13,0.24643428077114726
 USA,Monterey Bay Area,Granite (GRA-123},6.93,0.34,0.9171701688589665
 USA,Monterey Bay Area,Martella (MAR-110),6.93,0.13,0.3802811692661289
 USA,Monterey Bay Area,Martella (MAR-111),6.93,0.13,0.3802811692661289
 USA,Monterey Bay Area,Salinas River Bridge (SRB-116) ,6.93,0.12,0.12589559951947943
 USA,Monterey Bay Area,Salinas River Bridge (SRB-117),6.93,0.12,0.07784298091294556
 USA,Monterey Bay Area,Miller Farm,7.0,0.42,0.9209780826544567
 USA,Monterey Bay Area,Miller Farm CMF10,7.0,0.41,0.5171924364010217
 USA,Monterey Bay Area,Miller Farm CMF3,7.0,0.46,0.92416455399756
 USA,Monterey Bay Area,Miller Farm CMF5,7.0,0.41,0.517152507643541
 USA,Monterey Bay Area,Miller Farm CMF8,7.0,0.46,0.9290150414472172
 USA,Monterey Bay Area,Clint Miller Farms (CSU-3),7.1,0.53,0.9534172334136909
 USA,Monterey Bay Area,Clint Miller Farms (CSU-8),7.1,0.53,0.9395970876086466
 USA,Monterey Bay Area,Clint Miller Farms (CSU-9),7.1,0.53,0.9468033111600727
 USA,Monterey Bay Area,Sea Mist-Leonardini (CSU-30),7.1,0.53,0.9727027441492371
 USA,Monterey Bay Area,Sea Mist-Leonardini (CSU-31),7.1,0.21,0.9514686416477895
 USA,Monterey Bay Area,Sea Mist-Leonardini (CSU-38),7.1,0.21,0.926043011450883
 USA,Monterey Bay Area,Sea Mist-Leonardini (CSU-39),7.1,0.21,0.926043011450883
 USA,Monterey Bay Area,Clint Miller Farms (CMF2),7.1,0.53,0.8933726985557755
 USA,Monterey Bay Area,Clint Miller Farms (CMF 3),7.1,0.53,0.9477481117547996
 USA,Monterey Bay Area,Clint Miller Farms (CMF5),7.1,0.53,0.9341539714048314
 USA,Monterey Bay Area,Clint Miller Farms (CMF5),7.1,0.53,0.911995330906177
 USA,Monterey Bay Area,Clint Miller Farms (CMF8),7.1,0.53,0.9342329424950905
 USA,Monterey Bay Area,Clint Miller Farms (CMF10),7.1,0.53,0.9325648541737509
 USA,Monterey Bay Area,Clint Miller Farms (CMF12),7.1,0.53,0.9350584449948195
 USA,Monterey Bay Area,Sea Mist (SEA31),7.1,0.21,0.949673102612932
 USA,Monterey Bay Area,Jefferson Ranch (JRR32),7.1,0.21,0.8867814089921354
 USA,Monterey Bay Area,Jefferson Ranch (JRR32),7.1,0.21,0.464076394795906
 USA,Monterey Bay Area,Jefferson Ranch (JRR33),7.1,0.21,0.8987577918675427
 USA,Monterey Bay Area,Jefferson Ranch (JRR33),7.1,0.21,0.29590294764314906
 USA,Monterey Bay Area,Jefferson Ranch (JRR34),7.1,0.21,0.37539935139725206
 USA,Monterey Bay Area,Jefferson Ranch (JRR34),7.1,0.21,0.8143874042582674
 USA,Monterey Bay Area,Jefferson Ranch (JRR121),7.1,0.21,0.8634829922651293
 USA,Monterey Bay Area,Jefferson Ranch (JRR141),7.1,0.21,0.89645041453779
 USA,Monterey Bay Area,Jefferson Ranch (JRR142),7.1,0.21,0.8839937162210585
 USA,Monterey Bay Area,Jefferson Ranch (JRR150),7.1,0.21,0.8190976333949458
 USA,Monterey Bay Area,Jefferson Ranch (JEF-148),7.1,0.21,0.7977776943136269
 USA,Monterey Bay Area,Jefferson Ranch (JEF-149),7.1,0.21,0.8734969879783954
 USA,Monterey Bay Area,Jefferson Ranch (JEF-32),7.1,0.21,0.8589001274255968
 USA,Monterey Bay Area,Leonardini (LEN37),7.1,0.21,0.782327852401942
 USA,Monterey Bay Area,Leonardini (LEN39),7.1,0.21,0.8889101556206054
 USA,Monterey Bay Area,Leonardini (LEN51),7.1,0.21,0.926043011450883
 USA,Monterey Bay Area,Leonardini (LEN52A),7.1,0.21,0.7229685746861493
 USA,Monterey Bay Area,Leonardini (LEN53),7.1,0.21,0.7969855511344689
 USA,Monterey Bay Area,Tanimura (TAN103),7.1,0.19,0.5221151925884845
 USA,Monterey Bay Area,Tanimura (TAN105),7.1,0.19,0.6760141937422922
 USA,Monterey Bay Area,Salinas River Bridge (SRB 116),7.1,0.16,0.24150442519671908
 USA,Monterey Bay Area,Salinas River Bridge (SRB 117),7.1,0.16,0.24150442519671908
 USA,Monterey Bay Area,Salinas River Bridge (SRB 117),7.1,0.16,0.09388301719478631
 USA,Monterey Bay Area,Granite Construction Co. McGowan (GRA123),7.1,0.5,0.9341539714048314
 USA,Monterey Bay Area,Marina District (MAR1),7.1,0.24,0.6101111386435122
 USA,Monterey Bay Area,Marina District (MAR1),7.1,0.24,0.7904992744398454
 USA,Monterey Bay Area,Marina District (MAR2),7.1,0.24,0.1899790583951975
 USA,Monterey Bay Area,Marina District (MAR2),7.1,0.24,0.05631509407600448
 USA,Monterey Bay Area,Marina District (MAR3),7.1,0.24,0.35894336392399256
 USA,Monterey Bay Area,Marina District (MAR3),7.1,0.24,0.07882816453170989
 USA,Monterey Bay Area,Marina District (MAR4),7.1,0.24,0.927334834135815
 USA,Monterey Bay Area,Marina District (MAR5),7.1,0.24,0.8372219288729921
 USA,Monterey Bay Area,Marina District (MAR6),7.1,0.24,0.5284187267913742
 USA,Monterey Bay Area,Clint Miller Farm (CMF-3),6.9,0.36,0.9542438247137999
 USA,Monterey Bay Area,Clint Miller Farm (CMF-8),6.9,0.36,0.9007871001784352
 USA,Monterey Bay Area,Granite Construction Company (GRA-123),6.9,0.34,0.9318034361803116
 USA,Monterey Bay Area,Jefferson Farm (JEF-121),6.9,0.21,0.852750015432372
 USA,Monterey Bay Area,Jefferson Farm (JEF-141),6.9,0.21,0.8336800379007338
 USA,Monterey Bay Area,Jefferson Farm (JEF-148),6.9,0.21,0.8854362727837092
 USA,Monterey Bay Area,Jefferson Farm (JEF-149),6.9,0.21,0.9018750375938951
 USA,Monterey Bay Area,Jefferson Farm (JEF-32),6.9,0.21,0.7327829696044977
 USA,Monterey Bay Area,Leonardini (LEN-39),6.9,0.22,0.8891947537616174
 USA,Monterey Bay Area,Leonardini (LEN-51),6.9,0.22,0.8736436078650054
 USA,Monterey Bay Area,Leonardini (LEN-53),6.9,0.22,0.8596747416961907
 USA,Monterey Bay Area,Sea Mist (SEA-31),6.9,0.22,0.9204667583940276
 USA,Monterey Bay Area,Tanimura (TAN-103),6.9,0.13,0.13854572784592603
 USA,Monterey Bay Area,Clint Miller Farm (CMF-10),6.9,0.36,0.7660689767020824
 USA,Monterey Bay Area,Clint Miller Farm (CMF-12),6.9,0.36,0.6359956468682076
 USA,Monterey Bay Area,Leonardini (LEN-37),6.9,0.22,0.6923365712260652
 USA,Monterey Bay Area,Leonardini (LEN-52a),6.9,0.22,0.6575688002256259
 USA,Monterey Bay Area,Martella (MAR-110),6.9,0.13,0.21459063816758336
 USA,Monterey Bay Area,Martella (MAR-111),6.9,0.13,0.30127173464628165
 USA,Monterey Bay Area,Sea Mist (SEA-29),6.9,0.22,0.007294464545257561
 USA,Monterey Bay Area,Salinas Rivr Bridge (SRB-116),6.9,0.11,0.06146486123945556
 USA,Monterey Bay Area,Salinas Rivr Bridge (SRB-117),6.9,0.11,0.06146486123945556
 USA,Monterey Bay Area,Tanimura (TAN-105),6.9,0.13,0.15165948425924747
 USA,Monterey Bay Area, Marina District (MAR1),7.1,0.24,0.05742240695257294
 USA,Monterey Bay Area, Marina District (MAR2),7.1,0.24,0.11548543337214158
 USA,Monterey Bay Area, Marina District (MAR3),7.1,0.24,0.20048710032194872
 USA,Monterey Bay Area, Marina District (MAR4),7.1,0.24,0.9303984989658872
 USA,Monterey Bay Area, Marina District (MAR5),7.1,0.24,0.9472247908023929
 USA,Monterey Bay Area, Marina District (MAR6),7.1,0.24,0.6595124974629718
 USA,Monterey Bay Area,Leonardini Farm 39,7.1,0.14,0.851747566647249
 USA,Monterey Bay Area,Leonardini Farm 38,7.1,0.14,0.7397058964851286
 USA,Monterey Bay Area,Leonardini Farm 37,7.1,0.14,0.435096475776181
 USA,Monterey Bay Area,Salinas River North. S-R1,7.7,0.32,0.4129788877112714
 USA,Monterey Bay Area,Salinas River North. R1-R2,7.7,0.32,0.30262933362408767
 USA,Monterey Bay Area,Salinas River North. R1-R3,7.7,0.32,0.2722249399572026
 USA,Monterey Bay Area,Salinas River North. R2-R3,7.7,0.32,0.2722249399572026
 USA,Monterey Bay Area,Salinas River North. S-R1,7.7,0.32,0.7276513284454725
 USA,Monterey Bay Area,Salinas River North. R1-R2,7.7,0.32,0.7276513284454725
 USA,Monterey Bay Area,Salinas River North. R1-B3,7.7,0.32,0.7276513284454725
 USA,Monterey Bay Area,"Salinas River North, R2-R3",7.7,0.32,0.7045919360075904
 USA,Monterey Bay Area,"Salinas Riverr North, S-R1",7.0,0.15,0.04056019335831726
 USA,Monterey Bay Area,Salinas River North. R1-R2,7.0,0.15,0.02049815053167219
 USA,Monterey Bay Area,"Salinas River North, R1-R3",7.0,0.15,0.017718573161571372
 USA,Monterey Bay Area,"Salinas River North, R2-H3",7.0,0.15,0.017718573161571372
 USA,Monterey Bay Area,"Salinas River South, S-R1",7.0,0.15,0.34849083836982636
 USA,Monterey Bay Area,"Salinas River South, R1-R2",7.0,0.15,0.34849083836982636
 USA,Monterey Bay Area,"Salinas River South, R1-R3",7.0,0.15,0.34849083836982636
 USA,Monterey Bay Area,"Salinas River South, R2-R3",7.0,0.15,0.15505583044288831
 USA,Monterey Bay Area,Salinas River North,7.7,0.32,0.4356440246685889
 USA,Monterey Bay Area,524GRA- Near GRA123,7.0,0.34,0.8499344681699231
 USA,Monterey Bay Area,532JEF- JEF121andJEF48,7.0,0.21,0.7606536516413211
 USA,Monterey Bay Area,533JEF-Near JEF 141,7.0,0.21,0.8818253471861927
 USA,Monterey Bay Area,534JEF-NearJRK 32,7.0,0.21,0.9014055805178176
 USA,Monterey Bay Area,541SRB-Near SRB 117,7.0,0.11,0.06811292135993519
 USA,Monterey Bay Area,CLINT MILLER FARM,7.0,0.46,0.9254139650699126
 USA,Monterey Bay Area,Clint Miller Farm,7.0,0.41,0.9108802592393765
 USA,Monterey Bay Area,Clint Miller Farm-CMFIO,7.0,0.41,0.9234511821588988
 USA,Monterey Bay Area,Clint Miller Farm-CMF 8,7.0,0.46,0.9053768856941912
 USA,Monterey Bay Area,Lenardini Farm,7.0,0.22,0.8818253471861927
 USA,Monterey Bay Area,Leonardini,7.0,0.36,0.9124952302133728
 USA,Monterey Bay Area,Leonardini Farm-Len 53,7.0,0.22,0.8418635665336968
 USA,Monterey Bay Area,Leonardini Farm,7.0,0.22,0.7559720916154855
 USA,Monterey Bay Area,Leonardini Farm-Len 39,7.0,0.22,0.8818253471861927
 USA,Monterey Bay Area,Salinas River South,7.0,0.15,0.22199386281421424
 USA,Monterey Bay Area,SEAMIST FARM 31,7.0,0.22,0.886114012163812
 USA,Monterey Bay Area,TAN 1 MURA,7.0,0.13,0.36780802023196746
 USA,Monterey Bay Area,Miller Farm (CMF),6.93,0.41,0.8866553573464918
 USA,Monterey Bay Area,Leonardini (LEN),6.93,0.17,0.8375731234351622
 USA,Monterey Bay Area,Sea Mist (SEA),6.93,0.17,0.8863169093012161
 USA,Monterey Bay Area,Tanimura (TAN),6.93,0.15,0.2838583852383511
 USA,Monterey Bay Area,Granite Construction Company (GRA),6.93,0.31,0.8118629204005359
 USA,Monterey Bay Area,Jefferson Ranch (JRR),6.93,0.18,0.778745007818583
 USA,Monterey Bay Area,Martella (MAR),6.93,0.15,0.6314721871888347
 USA,Monterey Bay Area,Salinas River Bridge (SRB),6.93,0.12,0.20409323011537994
 USA,Monterey Bay Area,Marine Lab C4,7.0,0.25,0.9129361810647262
 USA,Monterey Bay Area,Marine Lab UC-7,7.0,0.25,0.856999692373257
 USA,Monterey Bay Area,Sandholdt Rd. UC-4,7.0,0.25,0.30780135789947294
 USA,Monterey Bay Area,Moss Landing S.B.,7.0,0.25,0.7799862566418174
 USA,Monterey Bay Area,Woodward Marine,7.0,0.25,0.6072283533534645
 USA,Monterey Bay Area,Habor Office,7.0,0.25,0.8369349119838326
 USA,Monterey Bay Area,Farris Farm Site,7.0,0.31,0.8966497761215764
 USA,Monterey Bay Area,Model Airport 18,7.0,0.29,0.9100659337597499
 USA,Monterey Bay Area,Model Airport 21,7.0,0.29,0.9100659337597499
 USA,Monterey Bay Area,Farris 58,7.0,0.31,0.8576880979077256
 USA,Monterey Bay Area,Farris 61,7.0,0.31,0.9081341165321593
 USA,Monterey Bay Area,Kett 74,7.0,0.32,0.9002151371083664
 USA,Monterey Bay Area,Marinovich 65,7.0,0.28,0.7575829826255371
 USA,Monterey Bay Area,Radovich 99,7.0,0.28,0.837408177821688
 USA,Monterey Bay Area,Silliman 68,7.0,0.28,0.8839381253511694
 USA,Monterey Bay Area,SP Bridge 48,7.0,0.3,0.9038101905939099
 USA,Monterey Bay Area,MBAR13 RC-6,7.0,0.25,0.055794112482306514
 USA,Monterey Bay Area,MBAR13 RC-7,7.0,0.25,0.2474836383508714
 USA,Monterey Bay Area,Sandholdt Rd. UC2,7.0,0.25,0.040444132513468484
 USA,Monterey Bay Area,General Fish CPT-6,7.0,0.25,0.06973330546277047
 USA,Monterey Bay Area,MBAR14 CPT-1,7.0,0.25,0.06418071962804131
 USA,Monterey Bay Area,Sandholdt Rd. UC-6,7.0,0.25,0.07850528900604126
 USA,Monterey Bay Area,Moss Landing S.B.,7.0,0.25,0.02858947560454632
 USA,Monterey Bay Area,McGowan Farm 136,7.0,0.26,0.633553980969608
 USA,Monterey Bay Area,Marinovich 67,7.0,0.28,0.13508028833971325
 USA,Monterey Bay Area,Radovich 98,7.0,0.28,0.8586185793591492
 USA,Monterey Bay Area,State Beach Kiosk,6.93,0.28,0.9124676445538624
 USA,Monterey Bay Area,State Beach Pathway,6.93,0.28,0.4159721608859666
 USA,Monterey Bay Area,State Beach (UC-18),6.93,0.28,0.06334422937296394
 USA,Monterey Bay Area,Sandhold Road SI-2 (deformed),6.93,0.28,0.4861782920129417
 USA,Monterey Bay Area,Sandhold Road SI-2 (undeformed) ,6.93,0.28,0.09873420815072684
 USA,Monterey Bay Area,Sandhold Road SI-4 (deformed) ,6.93,0.28,0.8880074772479538
 USA,Monterey Bay Area,Sandhold Road SI-4 (undeformed),6.93,0.28,0.08827967033039938
 USA,Monterey Bay Area,Sandhold Road SI-5 (deformed),6.93,0.28,0.677223423048001
 USA,Monterey Bay Area,Sandhold Road SI-5 (undeformed),6.93,0.28,0.09958266944418058
 USA,Monterey Bay Area,Sandhold Road UC-3,6.93,0.28,0.2512787805454182
 USA,Monterey Bay Area,Sandhold Road UC-2,6.93,0.28,0.047393534483808626
 USA,Monterey Bay Area,Sandhold Road UC-6,6.93,0.28,0.09958266944418058
 USA,Monterey Bay Area,MBARI No. 3 (RC-5),6.93,0.28,0.08869555123576751
 USA,Monterey Bay Area,MBARI No. 3 (RC-6),6.93,0.28,0.08645920489983161
 USA,Monterey Bay Area,MBARI No. 3 (RC-7),6.93,0.28,0.5750256623452213
 USA,Monterey Bay Area,MBARI Technology (RC-9),6.93,0.28,0.08235085552368204
 USA,Monterey Bay Area,"MBARI No. 4 (CPT-1,2,3, & 4) ",6.93,0.28,0.2673490730575413
 USA,Monterey Bay Area,General Fish (CPT-5),6.93,0.28,0.9393897058873112
 USA,Monterey Bay Area,General Fish (CPT-6),6.93,0.28,0.085323077934175
 USA,Monterey Bay Area,Harbor Office (UO12),6.93,0.28,0.7209856196987354
 USA,Monterey Bay Area,Harbor Office (UO13),6.93,0.28,0.8946399884770073
 USA,Monterey Bay Area,Harbor Office (UO20),6.93,0.28,0.8822067126707708
 USA,Monterey Bay Area,Harbor Office (UO21),6.93,0.28,0.862166971825474
 USA,Monterey Bay Area,Woodward Marine (UC-9),6.93,0.28,0.7073182984727576
 USA,Monterey Bay Area,Woodward Marine (UC-10),6.93,0.28,0.9428263431910384
 USA,Monterey Bay Area,Woodward Marine (UC-11),6.93,0.28,0.9282633432540291
 USA,Monterey Bay Area,Woodward Marine (15-A),6.93,0.28,0.9232715976769362
 USA,Monterey Bay Area,Woodward Marine (14-A),6.93,0.28,0.7251983084222307
 USA,Monterey Bay Area,Marine Lab (UC-1),6.93,0.28,0.7439721631726796
 USA,Monterey Bay Area,Marine Lab (UC-7),6.93,0.28,0.886142350145763
 USA,Monterey Bay Area,Marine Lab (UC-8),6.93,0.28,0.886142350145763
 USA,Monterey Bay Area,Marine Lab (C2),6.93,0.28,0.8122798613375434
 USA,Monterey Bay Area,Marine Lab (C3),6.93,0.28,0.7251983084222307
 USA,Monterey Bay Area,Marine Lab (C4),6.93,0.28,0.9456272829567188
 USA,Monterey Bay Area,Model Airport (AIR-18),6.93,0.26,0.8550840712220406
 USA,Monterey Bay Area,Model Airport (AIR-21),6.93,0.26,0.8682843941622159
 USA,Monterey Bay Area,Farris Farm (FAR-58),6.93,0.36,0.8014745141194601
 USA,Monterey Bay Area,Farris Farm (FAR-59),6.93,0.36,0.7910304360931439
 USA,Monterey Bay Area,Farris Farm (FAR-61),6.93,0.36,0.8826436053901676
 USA,Monterey Bay Area,Pajaro Dunes (PD1-44),6.93,0.22,0.449812132642811
 USA,Monterey Bay Area,Radovich (RAD-98),6.93,0.38,0.6322081121581239
 USA,Monterey Bay Area,Radovich (RAD-99),6.93,0.38,0.9072080337331964
 USA,Monterey Bay Area,Marinovkh (MRR-65),6.93,0.4,0.7964306149883149
 USA,Monterey Bay Area,Marinovkh (MRR-67),6.93,0.4,0.24516134384011065
 USA,Monterey Bay Area,McGowan Farm (MCG-136},6.93,0.26,0.8139536637605161
 USA,Monterey Bay Area,McGowan Farm (MCG-138},6.93,0.26,0.8840501722440045
 USA,Monterey Bay Area,Southern Pacific Bridge (SPR- 48) ,6.93,0.33,0.9129535021475526
 USA,Monterey Bay Area,Sillimanf(SIL-68),6.93,0.38,0.913524676458068
 USA,Monterey Bay Area,KETT(KET-74},6.93,0.47,0.9480936361702295
 USA,Monterey Bay Area,Farris Farm,7.0,0.37,0.9036443220934929
 USA,Monterey Bay Area,Marine Laboratory UC-B1,7.0,0.24,0.8930901569925798
 USA,Monterey Bay Area,MBARI No.3 EB-1,7.0,0.24,0.3379628012862987
 USA,Monterey Bay Area,MBARI N0.3 EB-5,7.0,0.27,0.5340528241009255
 USA,Monterey Bay Area,Sandholdt UC-B10,7.0,0.26,0.7623614158176641
 USA,Monterey Bay Area,State Beach UC-B1,7.0,0.29,0.9441510304433934
 USA,Monterey Bay Area,State Beach UC-B2,7.0,0.24,0.5081354967582359
 USA,Monterey Bay Area,WoodMarine UC-B4,7.0,0.25,0.9286457911955799
 USA,Monterey Bay Area,Marine Laboratory UC-B2,7.0,0.26,0.6183724903795051
 USA,Monterey Bay Area,Sandholdt UC-B10,6.9,0.28,0.06147560828519576
 USA,Monterey Bay Area,Southern Pacific Bridge (CSU-48),7.1,0.49,0.9456684196564259
 USA,Monterey Bay Area,Moss Landing (ML14B),7.1,0.27,0.6204987133172785
 USA,Monterey Bay Area,Model Airport (AIR17),7.1,0.38,0.9145252818629132
 USA,Monterey Bay Area,Model Airport (AIR18),7.1,0.38,0.9204689920997934
 USA,Monterey Bay Area,Model Airport (AIR21),7.1,0.38,0.9204689920997934
 USA,Monterey Bay Area,Pajaro Dunes (PAJ44),7.1,0.32,0.5871277781670883
 USA,Monterey Bay Area,Pajaro Dunes (PAJ79),7.1,0.32,0.09915797639137908
 USA,Monterey Bay Area,Pajaro Dunes (PAJ83),7.1,0.32,0.11995532803005071
 USA,Monterey Bay Area,Pajaro Dunes (PAJ85),7.1,0.32,0.26478416330157883
 USA,Monterey Bay Area,Pajaro Dunes (PAJ86),7.1,0.32,0.11455391115941799
 USA,Monterey Bay Area,Pajaro Dunes (PD43),7.1,0.22,0.4427942736361232
 USA,Monterey Bay Area,Southern Pacific Bridge (SPR45),7.1,0.49,0.9293341731015395
 USA,Monterey Bay Area,Southern Pacific Bridge (SPR46),7.1,0.49,0.9342329424950905
 USA,Monterey Bay Area,Southern Pacific Bridge (SPR47),7.1,0.49,0.9380182461027621
 USA,Monterey Bay Area,Southern Pacific Bridge (SPR48),7.1,0.49,0.9384950906045042
 USA,Monterey Bay Area,Farris (FAR58),7.1,0.54,0.8440979697346772
 USA,Monterey Bay Area,Farris (FAR59),7.1,0.54,0.9343855258206777
 USA,Monterey Bay Area,Farris (FAR61),7.1,0.54,0.9580662009449912
 USA,Monterey Bay Area,Marinovich (MRR65),7.1,0.59,0.9155284247374699
 USA,Monterey Bay Area,Silliman (SIL68),7.1,0.57,0.9338623450431878
 USA,Monterey Bay Area,Silliman (SIL71),7.1,0.57,0.9413196356866133
 USA,Monterey Bay Area,Kett (KET 74),7.1,0.69,0.9381434519783085
 USA,Monterey Bay Area,Radovich (RAD95),7.1,0.56,0.867783673037727
 USA,Monterey Bay Area,Radovich (RAD96),7.1,0.56,0.956180466104449
 USA,Monterey Bay Area,Radovich (RAD97),7.1,0.56,0.8716838381315478
 USA,Monterey Bay Area,Radovich (RAD98),7.1,0.56,0.9343915886292592
 USA,Monterey Bay Area,Radovich (RAD99),7.1,0.56,0.9338623450431878
 USA,Monterey Bay Area,McGowan (MCG128),7.1,0.38,0.9574747146952347
 USA,Monterey Bay Area,McGowan (MCG136),7.1,0.38,0.9467886229728082
 USA,Monterey Bay Area,Airport (AIR-18),6.9,0.26,0.8680952839096311
 USA,Monterey Bay Area,Airport (AIR-21),6.9,0.26,0.9079234998856424
 USA,Monterey Bay Area,Farris Farm (FAR-58),6.9,0.36,0.5805299956726817
 USA,Monterey Bay Area,Farris Farm (FAR-59),6.9,0.36,0.9266236872890609
 USA,Monterey Bay Area,Farris Farm (FAR-61),6.9,0.36,0.923889635212682
 USA,Monterey Bay Area,Kett (KET-74),6.9,0.47,0.6292653057475618
 USA,Monterey Bay Area,Moss Landing (ML-15),6.9,0.28,0.9265736827098389
 USA,Monterey Bay Area,Marinovich (MRR-65),6.9,0.4,0.8389608176320382
 USA,Monterey Bay Area,Pajaro Dunes (PD-44),6.9,0.22,0.8064893408703108
 USA,Monterey Bay Area,Radovich (RAD-99),6.9,0.38,0.9255786647312038
 USA,Monterey Bay Area,Silliman (SIL-68),6.9,0.38,0.935495232990529
 USA,Monterey Bay Area,Silliman (SIL-71),6.9,0.38,0.8805984142566262
 USA,Monterey Bay Area,South Pacific Bridge (SPR-45),6.9,0.33,0.8930330907517567
 USA,Monterey Bay Area,South Pacific Bridge (SPR-48),6.9,0.33,0.9325394685997366
 USA,Monterey Bay Area,McGowan (MCG-136),6.9,0.26,0.7840264025565054
 USA,Monterey Bay Area,McGowan (MCG-138),6.9,0.26,0.7783075448598328
 USA,Monterey Bay Area,Moss Landing (ML-14),6.9,0.28,0.008222673781311356
 USA,Monterey Bay Area,Marinovich (MRR-67),6.9,0.4,0.013051796242841283
 USA,Monterey Bay Area,Pajaro Dunes (PD-43),6.9,0.22,0.11550206076367495
 USA,Monterey Bay Area,Pajaro Dunes (PD-79),6.9,0.22,0.05112694697979936
 USA,Monterey Bay Area,Radovich (RAD-98),6.9,0.38,0.5388671857920414
 USA,Monterey Bay Area,Harbor Offlce. UC-12,7.0,0.25,0.8117405304613037
 USA,Monterey Bay Area,Sandholdt Road. UC-4 layer 1,7.0,0.25,0.8900518954478599
 USA,Monterey Bay Area,Sandholdt Road. UC-4 Layar 2,7.0,0.25,0.3897154953423207
 USA,Monterey Bay Area,Sandholdt Road. UC-6,7.0,0.25,0.54671808929583
 USA,Monterey Bay Area,"Santa Cruz, SC02",7.0,0.42,0.9436654450842776
 USA,Monterey Bay Area,Santa Cruz. SC03,7.0,0.42,0.8646132769024921
 USA,Monterey Bay Area,Santa Cruz. SC04,7.0,0.42,0.6799280569897846
 USA,Monterey Bay Area,Santa Cruz. SC05,7.0,0.42,0.9044144293478514
 USA,Monterey Bay Area,Santa Cruz. SC13,7.0,0.42,0.9239680985123987
 USA,Monterey Bay Area,"Santa Cruz, SC14",7.0,0.42,0.937682927286514
 USA,Monterey Bay Area,State Beach. UC-15,7.0,0.25,0.9072029009293331
 USA,Monterey Bay Area,"State Beach, UC-16",7.0,0.25,0.8302403785222011
 USA,Monterey Bay Area,State Beach (UC-14),7.0,0.25,0.8750715521293982
 USA,Monterey Bay Area,State Beach (UC-15),7.0,0.25,0.8949625259397294
 USA,Monterey Bay Area,State Beach (UC-16),7.0,0.25,0.5028706965049945
 USA,Monterey Bay Area,State Beach (UC-17),7.0,0.25,0.8229253659767113
 USA,Monterey Bay Area,State Beach (UC-18),7.0,0.25,0.033257656469864304
 USA,Monterey Bay Area,Sandholdt Road (UC-4),7.0,0.25,0.5433946498123388
 USA,Monterey Bay Area,Sandholdt Road (UC-4),7.0,0.25,0.07810571683844375
 USA,Monterey Bay Area,Sandholdt Road (UC-3),7.0,0.25,0.16276797937663465
 USA,Monterey Bay Area,Sandholdt Road (UC-2),7.0,0.25,0.031621822312393966
 USA,Monterey Bay Area,Sandholdt Road (RC-4 (1988)),7.0,0.25,0.5930380579709107
 USA,Monterey Bay Area,Sandholdt Road (RC-4 (1988)),7.0,0.25,0.09714826756937132
 USA,Monterey Bay Area,Sandholdt Road (UC-6),7.0,0.25,0.09714826756937132
 USA,Monterey Bay Area,MBARI No.4 (CPT-1 (1992)),7.0,0.25,0.2985173647899642
 USA,Monterey Bay Area,MBARI No.4 (CPT-2 (1992)),7.0,0.25,0.061244294867428606
 USA,Monterey Bay Area,MBARI No.4 (CPT-3 (1992)),7.0,0.25,0.2985173647899642
 USA,Monterey Bay Area,MBARI No.4 (CPT-4 (1992)),7.0,0.25,0.08867948076947248
 USA,Monterey Bay Area,State Beach (UC-B1),7.0,0.25,0.9223307681915938
 USA,Monterey Bay Area,State Beach (UC-B2),7.0,0.25,0.6772559590931186
 USA,Monterey Bay Area,Sandholdt Road (UC-B10),7.0,0.25,0.6482230956598192
 USA,Monterey Bay Area,Sandholdt Road (UC-B10),7.0,0.25,0.12292176303644425
 USA,Monterey Bay Area,Sandholdt Road (EB-3 (1988)),7.0,0.25,0.8103402040170111
 USA,Monterey Bay Area,Sandholdt Road (HLA-B3),7.0,0.25,0.8500373767088663
 USA,Monterey Bay Area,MBARI No.4 (EB-9 (1988)),7.0,0.25,0.5910222254102365
 USA,Monterey Bay Area,MBARI No.5 (B-4 (1992)),7.0,0.25,0.2961467748801536
 USA,Monterey Bay Area,MBARI No.6 (B-5 (1992)),7.0,0.25,0.7483348310350352
 USA,Monterey Bay Area,MBARI No.7 (EB-2 (1992)),7.0,0.25,0.4336689252490709
 USA,Monterey Bay Area,MBARI No.8 (EB-3 (1992)),7.0,0.25,0.09155152502646101
 USA,Monterey Bay Area,General FishB-1 (1992)),7.0,0.25,0.5495293298306058
 USA,Monterey Bay Area,General FishB-2 (1992)),7.0,0.25,0.28240171264186614
 USA,Monterey Bay Area,General FishB-3 (1992)),7.0,0.25,0.7757112344997652
 USA,Monterey Bay Area,General FishEB-5 (1992)),7.0,0.25,0.8500373767088663
 USA,Monterey Bay Area,Harbor OfficeUC-B3),7.0,0.25,0.3323628257044775
 USA,Monterey Bay Area,Harbor OfficeUC-B5),7.0,0.25,0.9234102371886532
 USA,Monterey Bay Area,Harbor OfficeUC-B4),7.0,0.25,0.8727548982516459
 USA,Monterey Bay Area,Marine LaboratoryB-1),7.0,0.25,0.8785524801178385
 USA,Monterey Bay Area,Marine LaboratoryB-2),7.0,0.25,0.49352893021173966
 USA,Monterey Bay Area,Marine LaboratoryB-3),7.0,0.25,0.5776005838596321
 USA,Monterey Bay Area,Marine LaboratoryUC B6-B12),7.0,0.25,0.8544432449153957
 USA,Monterey Bay Area,Marine LaboratoryF1-F6),7.0,0.25,0.44365675710026686
 USA,Monterey Bay Area,523SIL - Near SIL 68 - on river side of levee (N. of river),7.0,0.38,0.8461934325567737
 USA,Monterey Bay Area,525MRR - Near Marinovich Farm 65,7.0,0.4,0.8703335418243402
 USA,Monterey Bay Area,526MRR - Near Marinovich Farm 67,7.0,0.4,0.8606224601018682
 USA,Monterey Bay Area,"527RAD - Near Radovich Farm 98,99",7.0,0.38,0.8043727332763074
 USA,Monterey Bay Area,528MCG- Near McGowan Farm 136,7.0,0.26,0.8785524801178385
 USA,Monterey Bay Area,529MCG - Near McGowan Farm 138,7.0,0.26,0.8785524801178385
 USA,Monterey Bay Area,531KET-Kett Ranch,7.0,0.47,0.7341308625353601
 USA,Monterey Bay Area,"535SML- UC12 and UC13, Moss Landing",7.0,0.24,0.8898949237085922
 USA,Monterey Bay Area,536ML- UC7- Bridge and Sandholt,7.0,0.25,0.8967915297533587
 USA,Monterey Bay Area,"537ML- Covers UC9 and 11, - Clam Way and Sandholt",7.0,0.25,0.922201455718146
 USA,Monterey Bay Area,538ML- Moss Landing State Beach,7.0,0.25,0.5179831679359116
 USA,Monterey Bay Area,Farris Farm-FAR 61,7.0,0.36,0.8895269599186195
 USA,Monterey Bay Area,Farris Farm-FAR 61,7.0,0.36,0.8678895494822184
 USA,Monterey Bay Area,Model Airport-AIR 18,7.0,0.26,0.8846759558399339
 USA,Monterey Bay Area,Model Airport-Air 21,7.0,0.26,0.8798595917682189
 USA,Monterey Bay Area,Moss Landing State Beach,7.0,0.25,0.5179831679359116
 USA,Monterey Bay Area,Moss Landing State Beach,7.0,0.25,0.3075156024587762
 USA,Monterey Bay Area,SC013 Santa Cruz,7.0,0.42,0.6894150157293876
 USA,Monterey Bay Area,SC014 Santa Cruz,7.0,0.42,0.940338371509876
 USA,Monterey Bay Area,SC02 Santa Cruz,7.0,0.42,0.9454833959650236
 USA,Monterey Bay Area,SC03 Santa Cruz,7.0,0.42,0.6799280569897846
 USA,Monterey Bay Area,SC04 Santa Cruz,7.0,0.42,0.8266334027063424
 USA,Monterey Bay Area,Southern Pacific Bridge,7.0,0.33,0.8606224601018682
 USA,Monterey Bay Area,"UC12 Moss Landing, Harbor Office",7.0,0.25,0.8785524801178385
 USA,Monterey Bay Area,"UC15 Moss Landing, State Beach",7.0,0.25,0.8954537743627947
 USA,Monterey Bay Area,"UC16 Moss Landing, State Beach",7.0,0.25,0.8020579667626261
 USA,Monterey Bay Area,UC4 Sandholt Road,7.0,0.25,0.9001987087139359
 USA,Monterey Bay Area,UC6 Sandholt Road,7.0,0.25,0.8339731679768331
 USA,Monterey Bay Area,"UC9 Moss Landing, Woodward Marine",7.0,0.25,0.9196730879429899
 USA,Monterey Bay Area,Farris Farm,6.93,0.37,0.87593288338895
 USA,Monterey Bay Area,Marinovich (MRR),6.93,0.28,0.9096154113390583
 USA,Monterey Bay Area,Southern Pacific Bridge (SPR),6.93,0.3,0.8592994712776416
 USA,Monterey Bay Area,Kett (KET),6.93,0.32,0.8811047099918977
 USA,Monterey Bay Area,Silliman (SIL),6.93,0.28,0.9281322419752462
 USA,Monterey Bay Area,Pajaro Dunes (PD),6.93,0.22,0.8167107793189737
 USA,Monterey Bay Area,Moss Landing - MBARI Tech,6.93,0.28,0.921898350574614
 USA,Monterey Bay Area,Moss Landing - General Fish,6.93,0.28,0.9382472828048802
 USA,Monterey Bay Area,Model Airport (AIR),6.93,0.29,0.954015041259339
 USA,Monterey Bay Area,McGowan Farm (MCG),6.93,0.26,0.8388108816197649
 USA,Monterey Bay Area,Moss Landing State Beach,6.93,0.24,0.5290796972066668
 USA,Monterey Bay Area,Moss Landing - Woodward Marine,6.93,0.28,0.9460771602276697
 USA,Los Angeles Basin,Balboa Blvd. Unit C ,6.7,0.69,0.7660381246597803
 USA,Los Angeles Basin,Malden St. Unit D,6.7,0.51,0.8682589889103158
 USA,Los Angeles Basin,Wynne Ave_ Unit C1,6.7,0.54,0.908373500787159
 USA,Los Angeles Basin,Balboa Blvd Unit C (BAL-10),6.69,0.84,0.8893250905011848
 USA,Los Angeles Basin,Juvenile Hall,6.6,0.45,0.9152893526126353
 USA,Los Angeles Basin,Van Norman,6.6,0.45,0.9115524421242943
 USA,Los Angeles Basin,Balboa Blv. Unit C,6.7,0.69,0.39511343136741456
 USA,Los Angeles Basin,Malden Street Unit D,6.7,0.51,0.41219777923172696
 USA,Los Angeles Basin,Wynne Ave. Unit C1,6.7,0.54,0.8701073014332416
 USA,Los Angeles Basin,Juvenile Hall (10-B1),6.4,0.5,0.9295843431807508
 USA,Los Angeles Basin,Juvenile Hall (2-C),6.4,0.5,0.4519039392167831
 USA,Los Angeles Basin,Juvenile Hall (4-C),6.4,0.5,0.7297578101114895
 USA,Los Angeles Basin,Juvenile Hall (6-C),6.4,0.5,0.6830945441830785
 USA,Los Angeles Basin,Juvenile Hall (10-C),6.4,0.5,0.5863452551097422
 USA,Los Angeles Basin,Juvenile Hall (11-C),6.4,0.5,0.08505811176438492
 USA,Los Angeles Basin,Balboa-13,6.7,0.84,0.7037802599647396
 USA,Los Angeles Basin,Wynne-1,6.7,0.51,0.8548116351290609
 USA,Los Angeles Basin,Wynne-5a,6.7,0.51,0.8559477608490628
 USA,Los Angeles Basin,Wynne-7a,6.7,0.51,0.6037813004870014
 USA,Los Angeles Basin,Wynne-7b,6.7,0.51,0.8701073014332416
 USA,Los Angeles Basin,Balboa-13,6.7,0.45,0.15285529139511558
 USA,Los Angeles Basin,Wynne-1,6.7,0.25,0.5078595455534397
 USA,Los Angeles Basin,Wynne-5a,6.7,0.25,0.5804426815716164
 USA,Los Angeles Basin,Wynne-7a,6.7,0.25,0.2203002824656938
 USA,Los Angeles Basin,Wynne-7b,6.7,0.25,0.5948730247934594
 USA,Los Angeles Basin,Juvenile Hall (2-B1),6.4,0.5,0.6886206730505259
 USA,Los Angeles Basin,Juvenile Hall (2-C),6.4,0.5,0.41891509582228087
 USA,Los Angeles Basin,Juvenile Hall (4-B1),6.4,0.5,0.9143103894348406
 USA,Los Angeles Basin,Juvenile Hall (4-B2),6.4,0.5,0.7502582251152362
 USA,Los Angeles Basin,Juvenile Hall (4-C),6.4,0.5,0.5499897995923885
 USA,Los Angeles Basin,Juvenile Hall (6-B1),6.4,0.5,0.9113752351205883
 USA,Los Angeles Basin,Juvenile Hall (6-C),6.4,0.5,0.6600325797039387
 USA,Los Angeles Basin,Juvenile Hall (10-B1),6.4,0.5,0.9113752351205883
 USA,Los Angeles Basin,Juvenile Hall (10-C),6.4,0.5,0.5470542765174322
 USA,Los Angeles Basin,Juvenile Hall (11-B1),6.4,0.5,0.9122629658226009
 USA,Los Angeles Basin,Juvenile Hall (11-C),6.4,0.5,0.024837511719350253
 USA,Los Angeles Basin,Van Norman,6.6,0.45,0.8919829361276693
 USA,Los Angeles Basin,Juvenile,6.6,0.4,0.8792905634500969
 USA,Los Angeles Basin,Jensen PI.,6.6,0.45,0.5915990880559588
 USA,Los Angeles Basin,Balboa Boulevard,6.69,0.693,0.9333132332396376
 USA,Los Angeles Basin,Malden Street,6.69,0.52,0.944948143997469
 USA,Los Angeles Basin,Wynne Avenue,6.69,0.54,0.9433035999430741
 USA,Los Angeles Basin,Juvenile Hall,6.61,0.5,0.8121990689990317
 USA,Ventura Basin,Potrero Canyon,6.7,0.4,0.888992158087834
 USA,Ventura Basin,Rory Lane,6.7,0.77,0.883219656373375
 USA,Ventura Basin,Rory Lane (M-27),6.69,0.8,0.8089428044720428
 USA,Ventura Basin,Potrero Canyon C1,6.7,0.4,0.8694966727622321
 USA,Ventura Basin,"Rory Lane, M-20",6.7,0.51,0.8593284808977802
 USA,Ventura Basin,"Rory Lane, M-32",6.7,0.51,0.8593284808977802
 USA,Ventura Basin,"Rory Lane, M-33",6.7,0.51,0.8593284808977802
 USA,Ventura Basin,Potrero Canyon,6.69,0.399,0.9419518898194994
 USA,Kenai Peninsula,Snow River,8.3,0.15,0.7867614192195004
 USA,Kenai Peninsula,Snow River,8.3,0.15,0.7000906359182802
 USA,Kenai Peninsula,Scott Glac.,8.3,0.16,0.7866109770532909
 USA,Kenai Peninsula,Valdez,8.3,0.25,0.870704446150479
 USA,Valdez-Cordova Census,Delta River,7.9,0.36,0.1784188354616167
 USA,Valdez-Cordova Census,Fielding Lake Park,7.9,0.36,0.9134189056455925
 USA,Valdez-Cordova Census,Fielding Lake Park,7.9,0.36,0.9134189056455925
 USA,Valdez-Cordova Census,Nabesna River Near Fault,7.9,0.36,0.49856754144262794
 USA,Valdez-Cordova Census,Nabesna River Near Fault,7.9,0.36,0.1425586396018915
 USA,Valdez-Cordova Census,Nabesna River Near Fault,7.9,0.36,0.3127454625636907
 USA,Valdez-Cordova Census,Nabesna River Near Fault,7.9,0.36,0.40202662278942347
 USA,Valdez-Cordova Census,Nabesna River South Of Fault,7.9,0.36,0.7425442626473746
 USA,Valdez-Cordova Census,Tap-Regulator Valve No.91,7.0,0.39,0.931647986550893
 Mexico,Mexicali,Delta Site 3,6.2,0.19,0.7884786770102058
 Mexico,Mexicali,Delta Site 3p,6.2,0.19,0.7769704661476998
 Mexico,Mexicali,Delta Site1,6.2,0.19,0.5064909267883819
 Mexico,Mexicali,Delta Site 2,6.33,0.19,0.6085939781797047
 Mexico,Mexicali,Delta Site 3,6.33,0.19,0.8499653535586642
 Mexico,Mexicali,Delta Site 3p,6.33,0.19,0.7452885292107126
 Mexico,Mexicali,Delta Site 4,6.33,0.19,0.4560775731133632
 Mexico,Mexicali,Delta,6.33,0.19,0.8954790674824062
 New Zealand,West coast of South Island,Three Channel Flat,7.4,0.4,0.9619431933009366
 New Zealand,West coast of South Island,Reedy's Farm,7.4,0.2,0.949064736314628
 New Zealand,West coast of South Island,Three Channel Flat,7.2,0.6,0.9271426620147324
 New Zealand,West coast of South Island,Reedy's Farm,7.2,0.3,0.9284254037670755
 New Zealand,East coast of North Island,Robinson Farm E.,6.6,0.44,0.8602766476139689
 New Zealand,East coast of North Island,Robinson Farm W.,6.6,0.44,0.5789004089650139
 New Zealand,East coast of North Island,Gordon Farrn,6.6,0.43,0.9485480673537265
 New Zealand,East coast of North Island,Brady Farm,6.6,0.4,0.9418388717611239
 New Zealand,East coast of North Island,Morris Farm,6.6,0.42,0.7635045992908642
 New Zealand,East coast of North Island,Awaroa Farm,6.6,0.37,0.6505547520206844
 New Zealand,East coast of North Island,Keir Farm,6.6,0.31,0.8383771568767915
 New Zealand,East coast of North Island,James St. Loop,6.6,0.28,0.7814589260649177
 New Zealand,East coast of North Island,Landing Rd. Bridge,6.6,0.27,0.6897291765531219
 New Zealand,East coast of North Island,Whakatane Pony Club,6.6,0.27,0.8259183740664513
 New Zealand,East coast of North Island,Sewage Pumping Station,6.6,0.26,0.8467926831513983
 New Zealand,East coast of North Island,Edgecumbe Pipe Breaks,6.6,0.39,0.9087960949389023
 New Zealand,East coast of North Island,Gordon Farm2,6.6,0.37,0.13385492332196675
 New Zealand,East coast of North Island,Brady Farrn4,6.6,0.4,0.46495459993112104
 New Zealand,East coast of North Island,Morris Farm3,6.6,0.41,0.5986669506122282
 New Zealand,East coast of North Island,Whakatane Hospital,6.6,0.26,0.042780714372123975
 New Zealand,East coast of North Island,Whakatane Board Mill,6.6,0.27,0.596153127643028
 New Zealand,East coast of North Island,Awaroa Farm AWA001,6.6,0.37,0.6751726245481972
 New Zealand,East coast of North Island,Brady Farm BDY001,6.6,0.4,0.926565409983462
 New Zealand,East coast of North Island,Brady Farm BDY004,6.6,0.4,0.6364802046179064
 New Zealand,East coast of North Island,Edgecumbe Pipe Breaks EPB001,6.6,0.39,0.9213285787051041
 New Zealand,East coast of North Island,Gordon Farm GDN001,6.6,0.43,0.9559695652417571
 New Zealand,East coast of North Island,Gordon Farm GDN002,6.6,0.37,0.1418442759476617
 New Zealand,East coast of North Island,James Street Loop JSL007,6.6,0.28,0.9188985048263876
 New Zealand,East coast of North Island,Keir Farm KER001,6.6,0.31,0.8686047053514147
 New Zealand,East coast of North Island,Landing Rd. Bridge LRB007,6.6,0.27,0.8756797069097316
 New Zealand,East coast of North Island,Morns Farm MRS001,6.6,0.42,0.9109488685910498
 New Zealand,East coast of North Island,Morns Farm MRS003,6.6,0.41,0.7759632136544551
 New Zealand,East coast of North Island,Robinson Farm East Side RBN001,6.6,0.44,0.9475910100244657
 New Zealand,East coast of North Island,Robinson Farm West Side RBN004,6.6,0.44,0.9591742483574254
 New Zealand,East coast of North Island,Se.vage Pumping Station SPS001,6.6,0.26,0.8922730817239367
 New Zealand,East coast of North Island,Whakatane Board Mill WBM001&2,6.6,0.27,0.8429249075541143
 New Zealand,East coast of North Island,Whakatane Hospital HSP001,6.6,0.26,0.04256985537146568
 New Zealand,East coast of North Island,Whakatane Pony Club WPC001,6.6,0.27,0.8390909613240929
 New Zealand,East coast of North Island,Brady Farm,6.6,0.4,0.9265239322535218
 New Zealand,Canterbury plain,SHY-09,7.0,0.187,0.6471369668467322
 New Zealand,Canterbury plain,SHY-09,6.2,0.347,0.9319619694507195
 New Zealand,Canterbury plain,AVD-07,7.0,0.183,0.21955586361258259
 New Zealand,Canterbury plain,AVD-07,6.2,0.396,0.8230930186766534
 New Zealand,Canterbury plain,BUR-46,7.0,0.167,0.4868020798028476
 New Zealand,Canterbury plain,CBD-21,7.0,0.219,0.18510833507883706
 New Zealand,Canterbury plain,CBD-21,6.2,0.46,0.5940301732829031
 New Zealand,Canterbury plain,FND-01,7.0,0.199,0.8747851717181702
 New Zealand,Canterbury plain,KAN-03,7.0,0.237,0.5371225311330259
 New Zealand,Canterbury plain,KAN-03,6.2,0.188,0.23106671637376094
 New Zealand,Canterbury plain,KAN-05,6.2,0.183,0.4705004498627107
 New Zealand,Canterbury plain,KAN-09,7.0,0.239,0.9101560885102501
 New Zealand,Canterbury plain,KAN-09,6.2,0.186,0.692151922775896
 New Zealand,Canterbury plain,KAN-19,7.0,0.234,0.5371225311330259
 New Zealand,Canterbury plain,KAN-19,6.2,0.187,0.23106671637376094
 New Zealand,Canterbury plain,KAN-23,7.0,0.216,0.2674824103427508
 New Zealand,Canterbury plain,KAN-23,6.2,0.186,0.21470908044218187
 New Zealand,Canterbury plain,KAN-26d,7.0,0.231,0.6650917633534421
 New Zealand,Canterbury plain,KAN-26C,6.2,0.181,0.5292048471036437
 New Zealand,Canterbury plain,KAN-28,6.2,0.182,0.7047050339738024
 New Zealand,Canterbury plain,KAS-08,6.2,0.186,0.6980682015931989
 New Zealand,Canterbury plain,KAS-11,6.2,0.186,0.6708996391099052
 New Zealand,Canterbury plain,KAS-20,6.2,0.172,0.5673501918195009
 New Zealand,Canterbury plain,KAS-40,6.2,0.177,0.6116103080932769
 New Zealand,Canterbury plain,SNB-01,7.0,0.17,0.45726442973296727
 New Zealand,Canterbury plain,NBT-02,7.0,0.17,0.6529486055871908
 New Zealand,Canterbury plain,NBT-03,7.0,0.168,0.5246199596848123
 New Zealand,Canterbury plain,RCH-14,7.0,0.183,0.6847751118397323
 New Zealand,Canterbury plain,RCH-14,6.2,0.339,0.9432659976963856
 New Zealand,Canterbury plain,Z1-3,7.0,0.217,0.847370050720556
 New Zealand,Canterbury plain,Z2-11,7.0,0.21,0.41280317915396103
 New Zealand,Canterbury plain,Z2-11,6.2,0.447,0.7798655768294173
 New Zealand,Canterbury plain,Z2-6,7.0,0.214,0.5636775061776035
 New Zealand,Canterbury plain,Z2-6,6.2,0.451,0.9119657177162384
 New Zealand,Canterbury plain,Z4-4,7.0,0.215,0.5854356424776429
 New Zealand,Canterbury plain,Z4-4,6.2,0.45,0.918634095004546
 New Zealand,Canterbury plain,Z8-11,7.0,0.219,0.8421528864050809
 New Zealand,Canterbury plain,Avonside (CPT-116),6.3,0.43,0.9283875117588186
 New Zealand,Canterbury plain,Avonside (CPT-117),6.3,0.44,0.9548101368485242
 New Zealand,Canterbury plain,Avonside (CPT-111),6.3,0.46,0.9489740356711874
 New Zealand,Canterbury plain,Avonside (CPT-135),6.3,0.49,0.9153054444727743
 New Zealand,Canterbury plain,Avonside (CPT-136),6.3,0.51,0.8656056692089756
 New Zealand,Canterbury plain,Richmond (CPT-540),6.3,0.45,0.9462859377220624
 New Zealand,Canterbury plain,Richmond (CPT-516),6.3,0.44,0.9402023597261471
 New Zealand,Canterbury plain,Richmond (CPT-525),6.3,0.42,0.9556271528542949
 New Zealand,Canterbury plain,Richmond (CPT-514),6.3,0.45,0.9528529265962397
 New Zealand,Canterbury plain,Richmond (CPT-542),6.3,0.43,0.9357454816938175
 New Zealand,Canterbury plain,Richmond (CPT-520),6.3,0.42,0.9292963850831635
 New Zealand,Canterbury plain,Richmond (CPT-543),6.3,0.42,0.9094573424417053
 New Zealand,Canterbury plain,Bexley-aranui (CPT-155),6.3,0.57,0.9339957001241008
 New Zealand,Canterbury plain,Bexley-aranui (CPT-176),6.3,0.57,0.939042364198554
 New Zealand,Canterbury plain,Bexley-aranui (CPT-173),6.3,0.56,0.9392837725251122
 New Zealand,Canterbury plain,Bexley-aranui (CPT-178),6.3,0.56,0.9272033847456415
 New Zealand,Canterbury plain,Bexley-aranui (CPT-170),6.3,0.56,0.9302884550799018
 New Zealand,Canterbury plain,Burwood (CPT-277),6.3,0.34,0.9432168497599657
 New Zealand,Canterbury plain,Burwood (CPT-280),6.3,0.34,0.9458179508812318
 New Zealand,Canterbury plain,Burwood (CPT-279),6.3,0.35,0.9458179508812318
 New Zealand,Canterbury plain,Dallington (CPT-1088),6.3,0.47,0.8675073196271577
 New Zealand,Canterbury plain,Dallington (CPT-1085),6.3,0.49,0.9619447215277238
 New Zealand,Canterbury plain,Dallington (CPT-1086),6.3,0.51,0.9444462888992559
 New Zealand,Canterbury plain,Dallington (CPT-1092),6.3,0.48,0.9378544150847951
 New Zealand,Canterbury plain,Dallington (CPT-1098),6.3,0.45,0.923564655317163
 New Zealand,Canterbury plain,Kaiapoi north,6.3,0.18,0.651203004521253
 New Zealand,Canterbury plain,New brighton (CPT-300),6.3,0.35,0.9225103309924457
 New Zealand,Canterbury plain,New brighton (CPT-317),6.3,0.35,0.9330239251385654
 New Zealand,Canterbury plain,New brighton (CPT-318),6.3,0.34,0.9330239251385654
 New Zealand,Canterbury plain,New brighton (CPT-301),6.3,0.34,0.9314328659406
 New Zealand,Canterbury plain,New brighton (CPT-319),6.3,0.34,0.9330239251385654
 New Zealand,Canterbury plain,New brighton (CPT-320),6.3,0.33,0.8722469078570677
 New Zealand,Canterbury plain,Wainoi,6.3,0.51,0.9089092765614307
 New Zealand,Canterbury plain,Avondale 1,6.3,0.37,0.9163141897542251
 New Zealand,Canterbury plain,Avondale 2,6.3,0.44,0.958867552411983
 New Zealand,Canterbury plain,Avondale 3,6.3,0.41,0.9366489906744195
 Taiwan,Taichung Basin,Nantou Site C,7.6,0.38,0.9503345074088784
 Taiwan,Taichung Basin,Nantou Sites C-3 Sr. C-16,7.6,0.38,0.8777518864632897
 Taiwan,Taichung Basin,"Nantou Site C,NCC-1,2,&3",7.62,0.38,0.9580169842705832
 Taiwan,Taichung Basin,Nantou Site C-7,7.62,0.38,0.9596535743053681
 Taiwan,Taichung Basin,Nantou Site C-8,7.62,0.38,0.9475153274005064
 Taiwan,Taichung Basin,NT-1 (sand boil site),7.5,0.428571428571429,0.9556660244105359
 Taiwan,Taichung Basin,NT-1 (sand boil site),7.5,0.428571428571429,0.9666618825567239
 Taiwan,Taichung Basin,NT-1 (sand boil site),7.5,0.428571428571429,0.38187467275403636
 Taiwan,Taichung Basin,NT-5 (sand boil site),7.5,0.428571428571429,0.12113544669572485
 Taiwan,Taichung Basin,NT-5 (sand boil site),7.5,0.428571428571429,0.20296869212434035
 Taiwan,Taichung Basin,NT-C2 (sand boil site),7.5,0.428571428571429,0.9470581721556233
 Taiwan,Taichung Basin,NT-C2 (sand boil site),7.5,0.428571428571429,0.9458408520849028
 Taiwan,Taichung Basin,NT-C2 (sand boil site),7.5,0.428571428571429,0.1943368553568888
 Taiwan,Taichung Basin,NT-C7 (sand boil site),7.5,0.428571428571429,0.9689919962227643
 Taiwan,Taichung Basin,NT-C7 (sand boil site),7.5,0.428571428571429,0.9669287908196135
 Taiwan,Taichung Basin,NT-C7 (sand boil site),7.5,0.428571428571429,0.38187467275403636
 Taiwan,Taichung Basin,NT-C15 (sand boil site),7.5,0.428571428571429,0.9631627329475815
 Taiwan,Taichung Basin,NT-C15 (sand boil site),7.5,0.428571428571429,0.9076086288856174
 Taiwan,Taichung Basin,Nantou City (NT-2),7.6,0.43,0.9288408988384198
 Taiwan,Taichung Basin,Nantou City (NT-3),7.6,0.43,0.8993566996183386
 Taiwan,Taichung Basin,Nantou City (NT-7),7.6,0.43,0.9423406963239358
 Taiwan,Taichung Basin,Nantou City (NT-8),7.6,0.43,0.9269697201237371
 Taiwan,Taichung Basin,Nantou City (NT-11),7.6,0.43,0.8942690814831964
 Taiwan,Taichung Basin,Nantou City (NT-13),7.6,0.43,0.9620843918305515
 Taiwan,Taichung Basin,Nantou City (NT-15),7.6,0.43,0.9220225972729602
 Taiwan,Taichung Basin,Nantou City (NT-16),7.6,0.43,0.8776320420981112
 Taiwan,Taichung Basin,Maolo River (A125-5),7.6,0.42,0.8767116955905144
 Taiwan,Taichung Basin,Maolo River (A125-7),7.6,0.42,0.9256048124427061
 Taiwan,Taichung Basin,Maolo River (A125-9),7.6,0.42,0.9380231258090296
 Taiwan,Taichung Basin,Maolo River (A126-1),7.6,0.42,0.9544859586048697
 Taiwan,Taichung Basin,Maolo River (A126-2),7.6,0.42,0.8845203693107411
 Taiwan,Taichung Basin,Maolo River (A126-4),7.6,0.42,0.9393659276314741
 Taiwan,Taichung Basin,Maolo River (A128-2),7.6,0.42,0.9514437023934097
 Taiwan,Taichung Basin,Maolo River (A128-5),7.6,0.42,0.9532860400360261
 Taiwan,Taichung Basin,Maolo River (A128-7),7.6,0.42,0.9596928639912444
 Taiwan,Taichung Basin,Maolo River (A129-1),7.6,0.42,0.9393659276314741
 Taiwan,Taichung Basin,Maolo River (A129-3),7.6,0.42,0.9551149376283539
 Taiwan,Taichung Basin,Maolo River (A130-1),7.6,0.42,0.9415694775138398
 Taiwan,Taichung Basin,Maolo River (A130-2),7.6,0.42,0.7569439484666673
 Taiwan,Taichung Basin,Mingjian Shiang (A133-3),7.6,1.0,0.9333434853407162
 Taiwan,Taichung Basin,Mingjian Shiang (A133-4),7.6,1.0,0.9373053335304505
 Taiwan,Taichung Basin,Mingjian Shiang (A134-2),7.6,1.0,0.9408170306568608
 Taiwan,Taichung Basin,Mingjian Shiang (RBH1),7.6,1.0,0.8491519978484435
 Taiwan,Taichung Basin,Mingjian Shiang (RBH2),7.6,1.0,0.8542804193644294
 Taiwan,Taichung Basin,Mingjian Shiang (RBH3),7.6,1.0,0.846784918953076
 Taiwan,Taichung Basin,Nantou City (BH-3),7.6,0.428,0.9379039072632156
 Taiwan,Taichung Basin,Nantou City (BH-4),7.6,0.428,0.9440389718369754
 Taiwan,Taichung Basin,Nantou City (BH-5),7.6,0.428,0.9343452834279508
 Taiwan,Taichung Basin,Nantou City (BH-6),7.6,0.428,0.7241273216594538
 Taiwan,Taichung Basin,Nantou City (BH-7),7.6,0.428,0.9624625934869991
 Taiwan,Taichung Basin,Nantou City (BH-8),7.6,0.428,0.9249328232521294
 Taiwan,Taichung Basin,Nantou City (BH-10),7.6,0.428,0.944844408647094
 Taiwan,Taichung Basin,Nantou City (BH-11),7.6,0.428,0.9289664116506362
 Taiwan,Taichung Basin,Nantou City (BH-12),7.6,0.428,0.953541701998558
 Taiwan,Taichung Basin,Nantou City (BH-14),7.6,0.428,0.9479639664587584
 Taiwan,Taichung Basin,Nantou City (RBH-1),7.6,0.428,0.9541986683383337
 Taiwan,Taichung Basin,Nantou City (RBH-2),7.6,0.428,0.9634062880198706
 Taiwan,Taichung Basin,Tsautuen Jen (BH-1),7.6,0.33,0.9470564855760528
 Taiwan,Taichung Basin,Tsautuen Jen (BH-2),7.6,0.33,0.9560165297188541
 Taiwan,Taichung Basin,Maolo River (F130-2A),7.6,0.42,0.4102624302348303
 Taiwan,Taichung Basin,Maolo River (F130-2A),7.6,0.42,0.10092591044004258
 Taiwan,Taichung Basin,Maolo River (F130-2A),7.6,0.42,0.378805181212486
 Taiwan,Taichung Basin,Mingjian Shiang (A134-5),7.6,1.0,0.1596615426415319
 Taiwan,Taichung Basin,Nangang Bridge,7.6,0.428,0.9577181291784113
 Taiwan,Taichung Basin,Nangang Industrial Park (B-1),7.6,0.428,0.8092068369269064
 Taiwan,Taichung Basin,Nangang Industrial Park (B-2),7.6,0.428,0.9008239690168993
 Taiwan,Taichung Basin,Nangang Industrial Park (BHA-1),7.6,0.428,0.9592322015680432
 Taiwan,Taichung Basin,Nangang Industrial Park (BHA-2),7.6,0.428,0.9468601237461026
 Taiwan,Taichung Basin,Nangang Industrial Park (BHA-3),7.6,0.428,0.9270400144733213
 Taiwan,Taichung Basin,Nangang Industrial Park (BHA-4),7.6,0.428,0.6368582367552743
 Taiwan,Taichung Basin,"Nanto, 14 Storey Bldg, Driving School",7.6,0.4,0.6394459502683044
 Taiwan,Taichung Basin,"Nanto, Banana Plantation",7.6,0.4,0.6386539557953351
 Taiwan,Taichung Basin,"Nanto, Market Canal, West Bank",7.6,0.4,0.8938628509919344
 Taiwan,Taichung Basin,"Nanto, Ucla Site A",7.6,0.4,0.5975331471786774
 Taiwan,Taichung Basin,"Nanto,Moulo River, East Bank",7.6,0.4,0.7425442626473746
 Taiwan,Taichung Basin,"Nanto,Moulo River, West Bank",7.6,0.4,0.9420010576245138
 Taiwan,Taichung Basin,Nantou MAA BH-3,7.62,0.18,0.541905804237606
 Taiwan,Taichung Basin,Nantou MAA BH-5,7.62,0.18,0.720825258384904
 Taiwan,Taichung Basin,Nantou MAA BH-6,7.62,0.18,0.21583152053557594
 Taiwan,Taichung Basin,Nantou MAA BH-7,7.62,0.18,0.8194276683247117
 Taiwan,Taichung Basin,Nantou MAA BH-8,7.62,0.18,0.47213256789556146
 Taiwan,Taichung Basin,Nantou MAA BH-9,7.62,0.18,0.0072115582300910025
 Taiwan,Taichung Basin,Nantou MAA BH-11,7.62,0.18,0.06025330896539332
 Taiwan,Taichung Basin,WuFeng Site B,7.6,0.6,0.9514809955327893
 Taiwan,Taichung Basin,WuFeng Site C,7.6,0.6,0.9514809955327893
 Taiwan,Taichung Basin,WuFeng Site A,7.6,0.6,0.9517331886927554
 Taiwan,Taichung Basin,WuFeng Site C-10,7.6,0.6,0.9514809955327893
 Taiwan,Taichung Basin,WuFeng Site B,7.62,0.6,0.9396287631132187
 Taiwan,Taichung Basin,WuFeng SiteC,7.62,0.6,0.9311719750837981
 Taiwan,Taichung Basin,Wufeng- Site A1,7.6,0.65,0.6648872417001155
 Taiwan,Taichung Basin,Wufeng-SiteC(WCS-l),7.6,0.67,0.9560842882421348
 Taiwan,Taichung Basin,Wufeng-Site C(WCS-2),7.6,0.67,0.9590382835254226
 Taiwan,Taichung Basin,Wufeng-Site B(WBS-l),7.6,0.67,0.9413077530584292
 Taiwan,Taichung Basin,WF-4,7.5,0.789795918367347,0.9616224100403696
 Taiwan,Taichung Basin,WF-c7,7.5,0.789795918367347,0.9572787745523657
 Taiwan,Taichung Basin,WF-c10,7.5,0.789795918367347,0.9616224100403696
 Taiwan,Taichung Basin,WF-c10,7.5,0.789795918367347,0.9524001513299464
 Taiwan,Taichung Basin,WF-c10,7.5,0.789795918367347,0.9604131520235819
 Taiwan,Taichung Basin,WF-3b,7.5,0.789795918367347,0.26286616821769027
 Taiwan,Taichung Basin,WF-3b,7.5,0.789795918367347,0.12254582430336086
 Taiwan,Taichung Basin,WF-4b,7.5,0.789795918367347,0.1600180897852243
 Taiwan,Taichung Basin,WF-c8,7.5,0.789795918367347,0.056976542530254956
 Taiwan,Taichung Basin,Wufeng Shiang (W-7),7.6,0.79,0.954755869197316
 Taiwan,Taichung Basin,Wufeng Shiang (W-8),7.6,0.79,0.9604131520235819
 Taiwan,Taichung Basin,Wufeng Shiang (W-9),7.6,0.79,0.941498876055288
 Taiwan,Taichung Basin,Wufeng Shiang (W-10),7.6,0.79,0.941498876055288
 Taiwan,Taichung Basin,Wufeng Shiang (W-15),7.6,0.79,0.8443332831592526
 Taiwan,Taichung Basin,Wufeng Shiang (W-16),7.6,0.79,0.9561690110196455
 Taiwan,Taichung Basin,Taiping City (RBH1),7.6,0.498,0.5448526764780923
 Taiwan,Taichung Basin,Taiping City (RBH2),7.6,0.498,0.6360434230458111
 Taiwan,Taichung Basin,Wufeng Shiang (B-3),7.6,0.789,0.8310124497402808
 Taiwan,Taichung Basin,Wufeng Shiang (B-5),7.6,0.789,0.9373053335304505
 Taiwan,Taichung Basin,Wufeng Shiang (B-7),7.6,0.789,0.9361478722010977
 Taiwan,Taichung Basin,Wufeng Shiang (B-8),7.6,0.789,0.9651524192155612
 Taiwan,Taichung Basin,Wufeng Shiang (B-9),7.6,0.789,0.9355018197539652
 Taiwan,Taichung Basin,Wufeng Shiang (B-10),7.6,0.789,0.9330694045563739
 Taiwan,Taichung Basin,Wufeng Shiang (B-11),7.6,0.789,0.9421954324931877
 Taiwan,Taichung Basin,Wufeng Shiang (B-12),7.6,0.789,0.8657155819548278
 Taiwan,Taichung Basin,Wufeng Shiang (B-13),7.6,0.789,0.9651524192155612
 Taiwan,Taichung Basin,Wufeng Shiang (BHA-1),7.6,0.789,0.9133582891801407
 Taiwan,Taichung Basin,Wufeng Shiang (BHA-2),7.6,0.789,0.8775378917861819
 Taiwan,Taichung Basin,Wufeng Shiang (BHA-3),7.6,0.789,0.8799881519792457
 Taiwan,Taichung Basin,Wufeng Shiang (BHA-4),7.6,0.789,0.845550908690066
 Taiwan,Taichung Basin,Wufeng Shiang (MBH-01),7.6,0.789,0.8467625879920327
 Taiwan,Taichung Basin,Wufeng Shiang (MBH-02),7.6,0.789,0.9396510227246369
 Taiwan,Taichung Basin,Wufeng Shiang (MBH-03),7.6,0.789,0.9457626376974332
 Taiwan,Taichung Basin,Wufeng Shiang (MBH-04),7.6,0.789,0.9395789523350991
 Taiwan,Taichung Basin,Wufeng Shiang (MBH-05),7.6,0.789,0.9386433604677422
 Taiwan,Taichung Basin,Wufeng Shiang (MBH-06),7.6,0.789,0.9186686428769237
 Taiwan,Taichung Basin,Wufeng Shiang (RBH-1),7.6,0.789,0.9520412582448792
 Taiwan,Taichung Basin,Wufeng Shiang (RBH-2),7.6,0.789,0.9328937121660181
 Taiwan,Taichung Basin,"Wufeng, Gan Shi Rice Fields,",7.6,0.66,0.9160760103545675
 Taiwan,Taichung Basin,"Wufeng, Tilted Bldg #2, Lai Wen Shi",7.6,0.66,0.9160760103545675
 Taiwan,Taichung Basin,"Wufeng, Ktv Karaoke Bar, Gan Shi River",7.6,0.66,0.7813005515045515
 Taiwan,Taichung Basin,"Wufeng, South Of Taiwan Prov. Assem.",7.6,0.66,0.9330694045563739
 Taiwan,Taichung Basin,"Wufeng, Taiwan, Rice Field Nr. Gan Shi",7.6,0.66,0.9279972603581791
 Taiwan,Taichung Basin,"Wufeng, Taiwan, Statue Of Liberty Site",7.6,0.7,0.9413077530584292
 Taiwan,Taichung Basin,"Wufeng, Taiwan, Taiwan Prov.",7.6,0.66,0.9330694045563739
 Taiwan,Taichung Basin,"Wufeng MAA C-7, BH-7",7.62,0.38,0.9130576930778436
 Taiwan,Taichung Basin,"Wufeng MAA C-8, BH-8",7.62,0.38,0.8158132179346287
 Taiwan,Taichung Basin,"Wufeng MAA C-10, BH-10",7.62,0.38,0.9529036034072454
 Taiwan,Taichung Basin,Wufeng MAA BH-11,7.62,0.38,0.9240347435165589
 Taiwan,Taichung Basin,Wufeng MAA BH-13,7.62,0.38,0.9470564855760528
 Taiwan,Chingshui Coastal Plain,Taichung Harbor (TH1-2),7.6,0.163,0.8326228241824994
 Taiwan,Chingshui Coastal Plain,Taichung Harbor (TH1-3),7.6,0.163,0.7419820655859396
 Taiwan,Chingshui Coastal Plain,Taichung Harbor (TH1-5),7.6,0.163,0.647627549720814
 Taiwan,Chingshui Coastal Plain,Taichung Harbor (TH1-6),7.6,0.163,0.7105139431743676
 Taiwan,Chingshui Coastal Plain,Taichung Harbor (TH1-7),7.6,0.163,0.5838369112971616
 Taiwan,Chingshui Coastal Plain,Taichung Harbor (TH2-1),7.6,0.163,0.8280398354559569
 Taiwan,Chingshui Coastal Plain,Taichung Harbor (TH2-2),7.6,0.163,0.5942729087420463
 Taiwan,Chingshui Coastal Plain,Taichung Harbor (TH2-3),7.6,0.163,0.8527427869486868
 Taiwan,Chingshui Coastal Plain,Taichung Harbor (TH24),7.6,0.163,0.8201350556936868
 Taiwan,Chingshui Coastal Plain,Taichung Harbor (TH2-5),7.6,0.163,0.7222491986190706
 Taiwan,Chingshui Coastal Plain,Taichung Harbor (TH3-1),7.6,0.163,0.6713475440011067
 Taiwan,Chingshui Coastal Plain,Taichung Harbor (TH3-2),7.6,0.163,0.6853348332246109
 Taiwan,Chingshui Coastal Plain,Taichung Harbor (TH3-3),7.6,0.163,0.7222491986190706
 Taiwan,Chingshui Coastal Plain,Taichung Harbor (TH34),7.6,0.163,0.8602194334244131
 Taiwan,Chingshui Coastal Plain,Taichung Harbor (TH3-5),7.6,0.163,0.822836183757654
 Taiwan,Chingshui Coastal Plain,Taichung Harbor (TH4-1),7.6,0.163,0.8389863396807437
 Taiwan,Chingshui Coastal Plain,Taichung Harbor (TH4-2),7.6,0.163,0.8057278640492754
 Taiwan,Chingshui Coastal Plain,Taichung Harbor (TH4-3),7.6,0.163,0.542839083110937
 Taiwan,Chingshui Coastal Plain,Taichung Harbor (P1),7.6,0.163,0.3162198210018075
 Taiwan,Chingshui Coastal Plain,Taichung Harbor (P2),7.6,0.163,0.5299113384208912
 Taiwan,Chingshui Coastal Plain,Taichung Harbor (P3),7.6,0.163,0.4403514876299226
 Taiwan,Chingshui Coastal Plain,Taichung Harbor (P3),7.6,0.163,0.20426095624070215
 Taiwan,Chingshui Coastal Plain,Taichung Harbor (P4),7.6,0.163,0.49125897105936017
 Taiwan,Chingshui Coastal Plain,Taichung Harbor (P4),7.6,0.163,0.3640331164711284
 Taiwan,Chingshui Coastal Plain,Taichung Harbor (P5),7.6,0.163,0.5195471638709518
 Taiwan,Chingshui Coastal Plain,Taichung Harbor (P5),7.6,0.163,0.4704490066070673
 Taiwan,Chingshui Coastal Plain,Taichung Harbor (P6),7.6,0.163,0.4403514876299226
 Taiwan,Chingshui Coastal Plain,Taichung Harbor (P6),7.6,0.163,0.647627549720814
 Taiwan,Chingshui Coastal Plain,Taichung Harbor (P7),7.6,0.163,0.5059398531789554
 Taiwan,Chingshui Coastal Plain,Taichung Harbor (P8),7.6,0.163,0.41017291657223814
 Taiwan,Chingshui Coastal Plain,Taichung Harbor (P9),7.6,0.163,0.3839712559053354
 Taiwan,Chingshui Coastal Plain,Taichung Harbor (P10),7.6,0.163,0.6224666312601166
 Taiwan,Chingshui Coastal Plain,Taichung Harbor (P11),7.6,0.163,0.20426095624070215
 Taiwan,Chingshui Coastal Plain,Taichung Harbor (P12),7.6,0.163,0.3118273030143623
 Taiwan,Chingshui Coastal Plain,Taichung Harbor (P13),7.6,0.163,0.5498941957607636
 Taiwan,Chingshui Coastal Plain,Taichung Harbor (P14),7.6,0.163,0.2755349316313777
 Taiwan,Chingshui Coastal Plain,Taichung Harbor (P15),7.6,0.163,0.5393584244416527
 Taiwan,Chingshui Coastal Plain,Taichung Harbor (P16),7.6,0.163,0.4403514876299226
 Taiwan,Chingshui Coastal Plain,Taichung Harbor (C1),7.6,0.163,0.7118425596914317
 Taiwan,Chingshui Coastal Plain,Taichung Harbor (C2),7.6,0.163,0.6776216328357506
 Taiwan,Chingshui Coastal Plain,Taichung Harbor (C3),7.6,0.163,0.8436992611102315
 Taiwan,Chingshui Coastal Plain,Taichung Harbor (C3),7.6,0.163,0.6595120977369408
 Taiwan,Chingshui Coastal Plain,Taichung Harbor (C4),7.6,0.163,0.6876675690235351
 Taiwan,Chingshui Coastal Plain,Taichung Harbor (C5),7.6,0.163,0.431232153134548
 Taiwan,Chingshui Coastal Plain,Taichung Harbor (C6),7.6,0.163,0.5474883082578719
 Taiwan,Chingshui Coastal Plain,Taichung Harbor (B1),7.6,0.163,0.5891697969349059
 Taiwan,Chingshui Coastal Plain,Taichung Harbor (B2),7.6,0.163,0.48905358512559033
 Taiwan,Chingshui Coastal Plain,Taichung Harbor (O2),7.6,0.163,0.3907928721634946
 Taiwan,Chingshui Coastal Plain,Taichung (RBH-1),7.6,0.498,0.9501901397801251
 Taiwan,Chingshui Coastal Plain,Taichung Harbor (BH-1),7.6,0.165,0.5869472390003166
 Taiwan,Chingshui Coastal Plain,Taichung Harbor (BH-2),7.6,0.165,0.42073426883070475
 Taiwan,Chingshui Coastal Plain,Taichung Harbor (BH-3),7.6,0.165,0.6895946257577868
 Taiwan,Chingshui Coastal Plain,Taichung Harbor (BH-4),7.6,0.165,0.4860717159829143
 Taiwan,Chingshui Coastal Plain,Taichung Harbor (BH-5),7.6,0.165,0.5070213429813563
 Taiwan,Chingshui Coastal Plain,Taichung Harbor (BH-6),7.6,0.165,0.7177751273234163
 Taiwan,Chingshui Coastal Plain,Taichung Harbor (BH-7),7.6,0.165,0.7545659495401948
 Taiwan,Chingshui Coastal Plain,Taichung Harbor (BH-8),7.6,0.165,0.6815087415530505
 Taiwan,Chingshui Coastal Plain,Taichung Harbor (BH-9),7.6,0.165,0.6382331064174401
 Taiwan,Chingshui Coastal Plain,Taichung Harbor (BH-10),7.6,0.165,0.6813828750589381
 Taiwan,Chingshui Coastal Plain,Taichung Harbor (BH-11),7.6,0.165,0.7533351581863736
 Taiwan,Chingshui Coastal Plain,Taichung Harbor (BH-12),7.6,0.165,0.7177751273234163
 Taiwan,Chingshui Coastal Plain,Taichung Harbor No.3 (B1),7.6,0.165,0.7538598319538086
 Taiwan,Chingshui Coastal Plain,Taichung Harbor No.3 (B2),7.6,0.165,0.6300030102199285
 Taiwan,Chingshui Coastal Plain,Taichung Harbor No.3 (B3),7.6,0.165,0.3952207722509277
 Taiwan,Chingshui Coastal Plain,Taichung Harbor No.3 (B4),7.6,0.165,0.3300787113521908
 Taiwan,Chingshui Coastal Plain,Taichung Harbor No.3 (B5),7.6,0.165,0.7483261811714238
 Taiwan,Chingshui Coastal Plain,Taichung Harbor No.3 (B6),7.6,0.165,0.7407486115002659
 Taiwan,Chingshui Coastal Plain,Taichung Harbor No.3 (B7),7.6,0.165,0.7483261811714238
 Taiwan,Chingshui Coastal Plain,Taichung Harbor No.1 (BH-1),7.6,0.165,0.0508557530168471
 Taiwan,Chingshui Coastal Plain,Taichung Harbor No.1 (BH-1),7.6,0.165,0.12669535480762592
 Taiwan,Chingshui Coastal Plain,Taichung Harbor No.1 (BH-1),7.6,0.165,0.10646994951125612
 Taiwan,Chingshui Coastal Plain,Taichung Harbor No.1 (BH-1),7.6,0.165,0.047101695635676046
 Taiwan,Chingshui Coastal Plain,Taichung Harbor No.1 (BH-1),7.6,0.165,0.04290882675221934
 Taiwan,Chingshui Coastal Plain,Taichung Harbor No.1 (BH-1),7.6,0.165,0.04539075831769888
 Taiwan,Chingshui Coastal Plain,Taichung Harbor No.1 (BH-1),7.6,0.165,0.19536154717363435
 Taiwan,Chingshui Coastal Plain,Taichung Harbor No.1 (BH-2),7.6,0.165,0.38816155242450484
 Taiwan,Chingshui Coastal Plain,Taichung Harbor No.1 (BH-2),7.6,0.165,0.6099633532828209
 Taiwan,Chingshui Coastal Plain,Taichung Harbor No.1 (BH-2),7.6,0.165,0.11300046882163738
 Taiwan,Chingshui Coastal Plain,Taichung Harbor No.1 (BH-2),7.6,0.165,0.12106348902920128
 Taiwan,Chingshui Coastal Plain,Taichung Harbor No.1 (BH-2),7.6,0.165,0.05886926345632253
 Taiwan,Chingshui Coastal Plain,Taichung Harbor No.1 (BH-2),7.6,0.165,0.062214368073796475
 Taiwan,Chingshui Coastal Plain,Taichung Harbor No.1 (BH-2),7.6,0.165,0.16876847353006014
 Taiwan,Chingshui Coastal Plain,Taichung Harbor No.1 (BH-2),7.6,0.165,0.13758892083692725
 Taiwan,Chingshui Coastal Plain,Taichung Harbor No.1 (BH-2),7.6,0.165,0.22418647995590812
 Taiwan,Chingshui Coastal Plain,Taichung Harbor No.1 (BH-3),7.6,0.165,0.34355823544911906
 Taiwan,Chingshui Coastal Plain,Taichung Harbor No.1 (BH-3),7.6,0.165,0.12669535480762592
 Taiwan,Chingshui Coastal Plain,Taichung Harbor No.1 (BH-3),7.6,0.165,0.1509211760148953
 Taiwan,Chingshui Coastal Plain,Taichung Harbor No.1 (BH-3),7.6,0.165,0.06867159318132036
 Taiwan,Chingshui Coastal Plain,Taichung Harbor No.1 (BH-3),7.6,0.165,0.062214368073796475
 Taiwan,Chingshui Coastal Plain,Taichung Harbor No.1 (BH-3),7.6,0.165,0.13796211868779817
 Taiwan,Chingshui Coastal Plain,Taichung Harbor No.1 (BH-3),7.6,0.165,0.22418647995590812
 Taiwan,Chingshui Coastal Plain,Taichung Harbor No.1 (BH-3),7.6,0.165,0.16067583574913294
 Taiwan,Chingshui Coastal Plain,Taichung Harbor No.1 (BH-3),7.6,0.165,0.3215486423747835
 Taiwan,Chingshui Coastal Plain,Taichung Harbor No.1 (BH-4),7.6,0.165,0.4361821734561467
 Taiwan,Chingshui Coastal Plain,Taichung Harbor No.1 (BH-4),7.6,0.165,0.12669535480762592
 Taiwan,Chingshui Coastal Plain,Taichung Harbor No.1 (BH-4),7.6,0.165,0.42111521608158514
 Taiwan,Chingshui Coastal Plain,Taichung Harbor No.1 (BH-4 ),7.6,0.165,0.12106348902920128
 Taiwan,Chingshui Coastal Plain,Taichung Harbor No.1 (BH-4 ),7.6,0.165,0.10462274489484424
 Taiwan,Chingshui Coastal Plain,Taichung Harbor No.1 (BH-4 ),7.6,0.165,0.16876847353006014
 Taiwan,Chingshui Coastal Plain,Taichung Harbor No.1 (BH-4 ),7.6,0.165,0.2345838751952507
 Taiwan,Chingshui Coastal Plain,Taichung Harbor No.1 (BH-4 ),7.6,0.165,0.16710867832872175
 Taiwan,Chingshui Coastal Plain,Taichung Harbor No.1 (BH-4 ),7.6,0.165,0.16067583574913294
 Taiwan,Chingshui Coastal Plain,Taichung Harbor No.1 (BH-5),7.6,0.165,0.0508557530168471
 Taiwan,Chingshui Coastal Plain,Taichung Harbor No.1 (BH-5),7.6,0.165,0.18497656711112354
 Taiwan,Chingshui Coastal Plain,Taichung Harbor No.1 (BH-5),7.6,0.165,0.3213630841898527
 Taiwan,Chingshui Coastal Plain,Taichung Harbor No.1 (BH-5),7.6,0.165,0.26534826062510586
 Taiwan,Chingshui Coastal Plain,Taichung Harbor No.1 (BH-5),7.6,0.165,0.3300787113521908
 Taiwan,Chingshui Coastal Plain,Taichung Harbor No.1 (BH-5),7.6,0.165,0.1498697738120672
 Taiwan,Chingshui Coastal Plain,Taichung Harbor No.1 (BH-5),7.6,0.165,0.350270676969607
 Taiwan,Chingshui Coastal Plain,Taichung Harbor No.1 (BH-5),7.6,0.165,0.22418647995590812
 Taiwan,Chingshui Coastal Plain,Taichung Harbor No.1 (BH-5),7.6,0.165,0.16710867832872175
 Taiwan,Changhua plain,LW-A1,7.5,0.123469387755102,0.7928509234061981
 Taiwan,Changhua plain,LW-A1,7.5,0.123469387755102,0.8010716202303225
 Taiwan,Changhua plain,LW-A1,7.5,0.123469387755102,0.1746857389914278
 Taiwan,Changhua plain,LW-A1,7.5,0.123469387755102,0.05767703871643547
 Taiwan,Changhua plain,LW-A2,7.5,0.123469387755102,0.6023625065698615
 Taiwan,Changhua plain,LW-A2,7.5,0.123469387755102,0.4483219900368197
 Taiwan,Changhua plain,LW-A2,7.5,0.123469387755102,0.11415492323623366
 Taiwan,Changhua plain,LW-A2,7.5,0.123469387755102,0.13702589295392303
 Taiwan,Changhua plain,LW-A2,7.5,0.123469387755102,0.10984518680793258
 Taiwan,Changhua plain,LW-A2,7.5,0.123469387755102,0.02703025830512375
 Taiwan,Changhua plain,LW-A2,7.5,0.123469387755102,0.044709037381577284
 Taiwan,Changhua plain,LW-A3,7.5,0.123469387755102,0.18375135017139313
 Taiwan,Changhua plain,LW-A3,7.5,0.123469387755102,0.1746857389914278
 Taiwan,Changhua plain,LW-A3,7.5,0.123469387755102,0.02703025830512375
 Taiwan,Changhua plain,LW-A3,7.5,0.123469387755102,0.044709037381577284
 Taiwan,Changhua plain,LW-A5,7.5,0.123469387755102,0.1748016203467595
 Taiwan,Changhua plain,LW-A5,7.5,0.123469387755102,0.24076317824565427
 Taiwan,Changhua plain,LW-A5,7.5,0.123469387755102,0.14125754324080392
 Taiwan,Changhua plain,LW-A5,7.5,0.123469387755102,0.02746026598636392
 Taiwan,Changhua plain,LW-A7,7.5,0.123469387755102,0.14640072200562965
 Taiwan,Changhua plain,LW-A7,7.5,0.123469387755102,0.19771955468896313
 Taiwan,Changhua plain,LW-A7,7.5,0.123469387755102,0.02746026598636392
 Taiwan,Changhua plain,LW-A7,7.5,0.123469387755102,0.02931985733362665
 Taiwan,Changhua plain,LW-A7,7.5,0.123469387755102,0.029510997076668818
 Taiwan,Changhua plain,LW-A7,7.5,0.123469387755102,0.03704973835268633
 Taiwan,Changhua plain,LW-A9,7.5,0.123469387755102,0.1748016203467595
 Taiwan,Changhua plain,LW-A9,7.5,0.123469387755102,0.10920504314118525
 Taiwan,Changhua plain,LW-A9,7.5,0.123469387755102,0.04352164629366
 Taiwan,Changhua plain,LW-A9,7.5,0.123469387755102,0.06806713798286389
 Taiwan,Changhua plain,LW-A9,7.5,0.123469387755102,0.044709037381577284
 Taiwan,Changhua plain,LW-A10,7.5,0.123469387755102,0.908870242426629
 Taiwan,Changhua plain,LW-A10,7.5,0.123469387755102,0.8243420412909099
 Taiwan,Changhua plain,LW-A10,7.5,0.123469387755102,0.8010716202303225
 Taiwan,Changhua plain,LW-A10,7.5,0.123469387755102,0.13625159418018837
 Taiwan,Changhua plain,LW-A10,7.5,0.123469387755102,0.02746026598636392
 Taiwan,Changhua plain,LW-C1,7.5,0.123469387755102,0.491498006184936
 Taiwan,Changhua plain,LW-C1,7.5,0.123469387755102,0.6486092567760997
 Taiwan,Changhua plain,LW-C1,7.5,0.123469387755102,0.7439187668995574
 Taiwan,Changhua plain,LW-C1,7.5,0.123469387755102,0.7486196070811393
 Taiwan,Changhua plain,LW-C1,7.5,0.123469387755102,0.02746026598636392
 Taiwan,Changhua plain,LW-C1,7.5,0.123469387755102,0.0241732814885742
 Taiwan,Changhua plain,LW-C2,7.5,0.123469387755102,0.13944556948725725
 Taiwan,Changhua plain,LW-C2,7.5,0.123469387755102,0.10628803227758998
 Taiwan,Changhua plain,LW-C2,7.5,0.123469387755102,0.05244601466550541
 Taiwan,Changhua plain,LW-C2,7.5,0.123469387755102,0.02703025830512375
 Taiwan,Changhua plain,LW-C2,7.5,0.123469387755102,0.030291863182882166
 Taiwan,Changhua plain,LW-D1,7.5,0.123469387755102,0.8065315726072829
 Taiwan,Changhua plain,LW-D1,7.5,0.123469387755102,0.19677829094408136
 Taiwan,Changhua plain,LW-D1,7.5,0.123469387755102,0.11415492323623366
 Taiwan,Changhua plain,LW-D1,7.5,0.123469387755102,0.13702589295392303
 Taiwan,Changhua plain,LW-D3,7.5,0.123469387755102,0.8814280204852583
 Taiwan,Changhua plain,LW-D3,7.5,0.123469387755102,0.8065315726072829
 Taiwan,Changhua plain,LW-D3,7.5,0.123469387755102,0.12045282352091696
 Taiwan,Changhua plain,LW-D3,7.5,0.123469387755102,0.1273201502008534
 Taiwan,Changhua plain,LW-D3,7.5,0.123469387755102,0.0241732814885742
 Taiwan,Changhua plain,Chanbing Industrial Park (A1),7.6,0.124,0.578469181349271
 Taiwan,Changhua plain,Chanbing Industrial Park (A2),7.6,0.124,0.47561909623206317
 Taiwan,Changhua plain,Chanbing Industrial Park (A6),7.6,0.124,0.7120894784926362
 Taiwan,Changhua plain,Chanbing Industrial Park (A7),7.6,0.124,0.38817801437853
 Taiwan,Changhua plain,Chanbing Industrial Park (A8),7.6,0.124,0.71276401226011
 Taiwan,Changhua plain,Chanbing Industrial Park (A9),7.6,0.124,0.27308123019356767
 Taiwan,Changhua plain,Chanbing Industrial Park (A10),7.6,0.124,0.3366052922946269
 Taiwan,Changhua plain,Chanbing Industrial Park (C1),7.6,0.124,0.6415913798639566
 Taiwan,Changhua plain,Chanbing Industrial Park (C3),7.6,0.124,0.6415913798639566
 Taiwan,Changhua plain,Chanbing Industrial Park (C5),7.6,0.124,0.3747969254102469
 Taiwan,Changhua plain,Chanbing Industrial Park (D1),7.6,0.124,0.610066543882226
 Taiwan,Changhua plain,Chanbing Industrial Park (D2),7.6,0.124,0.5839038523456219
 Taiwan,Changhua plain,Chanbing Industrial Park (D3),7.6,0.124,0.71276401226011
 Taiwan,Changhua plain,Chanbing Industrial Park (A3),7.6,0.124,0.20809911581870746
 Taiwan,Changhua plain,Chanbing Industrial Park (A4),7.6,0.124,0.21337041091498996
 Taiwan,Changhua plain,Chanbing Industrial Park (A5),7.6,0.124,0.27308123019356767
 Taiwan,Changhua plain,Chanbing Industrial Park (C2),7.6,0.124,0.22020239395512378
 Taiwan,Changhua plain,Chanbing Industrial Park (C4),7.6,0.124,0.20809911581870746
 Taiwan,Changhua plain,Chanbing Industrial Park (CPT1),7.6,0.124,0.23663420468521462
 Taiwan,Changhua plain,Chanbing Industrial Park (CPT1),7.6,0.124,0.18050005868144042
 Taiwan,Changhua plain,Chanbing Industrial Park (CPT2),7.6,0.124,0.24511321985071388
 Taiwan,Changhua plain,Chanbing Industrial Park (CPT3),7.6,0.124,0.24511321985071388
 Taiwan,Changhua plain,Chanbing Industrial Park (CPT4),7.6,0.124,0.6410378313653531
 Taiwan,Changhua plain,Chanbing Industrial Park (CPT5),7.6,0.124,0.06352616682590213
 Taiwan,Changhua plain,Chanbing Industrial Park (CPT6),7.6,0.124,0.29512207884694763
 Taiwan,Changhua plain,Chanbing Industrial Park (CPT7),7.6,0.124,0.23663420468521462
 Taiwan,Changhua plain,Chanbing Industrial Park (CPT8),7.6,0.124,0.2954481684844844
 Taiwan,Changhua plain,Chanbing Industrial Park (CPT9),7.6,0.124,0.3185818926618765
 Taiwan,Changhua plain,Chanbing Industrial Park (CPT10),7.6,0.124,0.24511321985071388
 Taiwan,Changhua plain,Chanbing Industrial Park (CPT11),7.6,0.124,0.3796378149592299
 Taiwan,Changhua plain,Chanbing Industrial Park (CPT12),7.6,0.124,0.5321486842123007
 Taiwan,Changhua plain,Chanbing Industrial Park (CPT13),7.6,0.124,0.24511321985071388
 Taiwan,Changhua plain,Chanbing Industrial Park (CPT-1),7.6,0.124,0.12258494304166238
 Taiwan,Changhua plain,Chanbing Industrial Park (CPT-1),7.6,0.124,0.143751352070261
 Taiwan,Changhua plain,Chanbing Industrial Park (CPT-2),7.6,0.124,0.025153094292490182
 Taiwan,Changhua plain,Chanbing Industrial Park (CPT-3),7.6,0.124,0.1729198225388503
 Taiwan,Changhua plain,Chanbing Industrial Park (CPT-4),7.6,0.124,0.13783076313450954
 Taiwan,Changhua plain,Chanbing Industrial Park (CPT-5),7.6,0.124,0.061145327930054054
 Taiwan,Changhua plain,Chanbing Industrial Park (CPT-6),7.6,0.124,0.061145327930054054
 Taiwan,Changhua plain,Chanbing Industrial Park (CPT-7),7.6,0.124,0.6103472052658049
 Taiwan,Changhua plain,Chanbing Industrial Park (BS10-1),7.6,0.124,0.44453792136941284
 Taiwan,Changhua plain,Chanbing Industrial Park (BS12-1),7.6,0.124,0.3826515743344623
 Taiwan,Changhua plain,Chanbing Industrial Park (BS13-1),7.6,0.124,0.5094978241348375
 Taiwan,Changhua plain,Chanbing Industrial Park (BS15-1),7.6,0.124,0.7067426958486828
 Taiwan,Changhua plain,Chanbing Industrial Park (BS16-1),7.6,0.124,0.38899608807344566
 Taiwan,Changhua plain,Chanbing Industrial Park (BS21-1),7.6,0.124,0.713613142165599
 Taiwan,Changhua plain,Chanbing Industrial Park (BS2-2),7.6,0.124,0.5802241797832621
 Taiwan,Changhua plain,Chanbing Industrial Park (BS5-1),7.6,0.124,0.6691618955629122
 Taiwan,Changhua plain,Chanbing Industrial Park (BS7-1),7.6,0.124,0.3193860486488716
 Taiwan,Changhua plain,Chanbing Industrial Park (DH-13),7.6,0.165,0.7671979955702734
 Taiwan,Changhua plain,Chanbing Industrial Park (DH-14),7.6,0.165,0.6060623261164116
 Taiwan,Changhua plain,Chanbing Industrial Park (DH-15),7.6,0.165,0.7671979955702734
 Taiwan,Changhua plain,Chanbing Industrial Park (DH-16),7.6,0.165,0.7483261811714238
 Taiwan,Changhua plain,Chanbing Industrial Park (DH-17),7.6,0.165,0.7933517833992049
 Taiwan,Changhua plain,Chanbing Industrial Park (AS1-1),7.6,0.124,0.09970700878348085
 Taiwan,Changhua plain,Chanbing Industrial Park (AS1-1),7.6,0.124,0.048715511642903685
 Taiwan,Changhua plain,Chanbing Industrial Park (AS1-1),7.6,0.124,0.029016546247904507
 Taiwan,Changhua plain,Chanbing Industrial Park (AS1-1A),7.6,0.124,0.045708697783312206
 Taiwan,Changhua plain,Chanbing Industrial Park (AS 1-2),7.6,0.124,0.12725351991869024
 Taiwan,Changhua plain,Chanbing Industrial Park (AS 1-2),7.6,0.124,0.045708697783312206
 Taiwan,Changhua plain,Chanbing Industrial Park (AS 1-2),7.6,0.124,0.030960940286081637
 Taiwan,Changhua plain,Chanbing Industrial Park (AS1-2A),7.6,0.124,0.029016546247904507
 Taiwan,Changhua plain,Chanbing Industrial Park (AS 1-3),7.6,0.124,0.39500978799788067
 Taiwan,Changhua plain,Chanbing Industrial Park (AS 1-3),7.6,0.124,0.0625065202249931
 Taiwan,Changhua plain,Chanbing Industrial Park (AS 1-3),7.6,0.124,0.047536924703970626
 Taiwan,Changhua plain,Chanbing Industrial Park (AS 1-3),7.6,0.124,0.045708697783312206
 Taiwan,Changhua plain,Chanbing Industrial Park (AS 1-3),7.6,0.124,0.02326594032179873
 Taiwan,Changhua plain,Chanbing Industrial Park (AS1-3A),7.6,0.124,0.027967338762793937
 Taiwan,Changhua plain,Chanbing Industrial Park (AS1-4),7.6,0.124,0.0625065202249931
 Taiwan,Changhua plain,Chanbing Industrial Park (AS1-4),7.6,0.124,0.045708697783312206
 Taiwan,Changhua plain,Chanbing Industrial Park (AS1-4),7.6,0.124,0.030960940286081637
 Taiwan,Changhua plain,Chanbing Industrial Park (AS1-4A),7.6,0.124,0.030960940286081637
 Taiwan,Changhua plain,Chanbing Industrial Park (AS 1-5),7.6,0.124,0.047536924703970626
 Taiwan,Changhua plain,Chanbing Industrial Park (AS1-5A),7.6,0.124,0.045708697783312206
 Taiwan,Changhua plain,Chanbing Industrial Park (AS1-5A),7.6,0.124,0.027967338762793937
 Taiwan,Changhua plain,Chanbing Industrial Park (AS 1-6),7.6,0.124,0.0625065202249931
 Taiwan,Changhua plain,Chanbing Industrial Park (AS 1-6),7.6,0.124,0.045708697783312206
 Taiwan,Changhua plain,Chanbing Industrial Park (AS 1-6),7.6,0.124,0.037837815744282646
 Taiwan,Changhua plain,Chanbing Industrial Park (AS1-6A),7.6,0.124,0.06654128033624267
 Taiwan,Changhua plain,Chanbing Industrial Park (AS1-6A),7.6,0.124,0.045708697783312206
 Taiwan,Changhua plain,Chanbing Industrial Park (AS1-6A),7.6,0.124,0.029016546247904507
 Taiwan,Changhua plain,Chanbing Industrial Park (AS1-7 ),7.6,0.124,0.0625065202249931
 Taiwan,Changhua plain,Chanbing Industrial Park (AS1-7 ),7.6,0.124,0.0625065202249931
 Taiwan,Changhua plain,Chanbing Industrial Park (AS1-7 ),7.6,0.124,0.05655796348955882
 Taiwan,Changhua plain,Chanbing Industrial Park (AS1-7 ),7.6,0.124,0.045708697783312206
 Taiwan,Changhua plain,Chanbing Industrial Park (AS1-7 ),7.6,0.124,0.030960940286081637
 Taiwan,Changhua plain,Chanbing Industrial Park (AS1-7 A),7.6,0.124,0.02179393537150527
 Taiwan,Changhua plain,Chanbing Industrial Park (AS2-1),7.6,0.124,0.07964515556099326
 Taiwan,Changhua plain,Chanbing Industrial Park (AS2-1),7.6,0.124,0.0625065202249931
 Taiwan,Changhua plain,Chanbing Industrial Park (AS2-1),7.6,0.124,0.047536924703970626
 Taiwan,Changhua plain,Chanbing Industrial Park (AS2-1),7.6,0.124,0.045708697783312206
 Taiwan,Changhua plain,Chanbing Industrial Park (AS2-1),7.6,0.124,0.030960940286081637
 Taiwan,Changhua plain,Chanbing Industrial Park (AS2-2),7.6,0.124,0.045708697783312206
 Taiwan,Changhua plain,Chanbing Industrial Park (AS2-2),7.6,0.124,0.030960940286081637
 Taiwan,Changhua plain,Chanbing Industrial Park (AS2-3),7.6,0.124,0.048715511642903685
 Taiwan,Changhua plain,Chanbing Industrial Park (AS2-3),7.6,0.124,0.02179393537150527
 Taiwan,Changhua plain,Chanbing Industrial Park (AS2-4),7.6,0.124,0.029016546247904507
 Taiwan,Changhua plain,Chanbing Industrial Park (AS2-5),7.6,0.124,0.045708697783312206
 Taiwan,Changhua plain,Chanbing Industrial Park (AS2-5),7.6,0.124,0.029843586500457604
 Taiwan,Changhua plain,Chanbing Industrial Park (AS2-6),7.6,0.124,0.045708697783312206
 Taiwan,Changhua plain,Chanbing Industrial Park (AS2-7),7.6,0.124,0.02326594032179873
 Taiwan,Changhua plain,Chanbing Industrial Park (AS2-8),7.6,0.124,0.047536924703970626
 Taiwan,Changhua plain,Chanbing Industrial Park (AS2-8),7.6,0.124,0.045708697783312206
 Taiwan,Changhua plain,Chanbing Industrial Park (AS2-8),7.6,0.124,0.03648162472718586
 Taiwan,Changhua plain,Chanbing Industrial Park (AS2-9),7.6,0.124,0.02326594032179873
 Taiwan,Changhua plain,Chanbing Industrial Park (AS3-1),7.6,0.124,0.05529898729329524
 Taiwan,Changhua plain,Chanbing Industrial Park (AS3-1),7.6,0.124,0.05332927959795999
 Taiwan,Changhua plain,Chanbing Industrial Park (AS3-1),7.6,0.124,0.03468983770516692
 Taiwan,Changhua plain,Chanbing Industrial Park (AS3-2),7.6,0.124,0.05554851415075065
 Taiwan,Changhua plain,Chanbing Industrial Park (AS3-2),7.6,0.124,0.2469253513561486
 Taiwan,Changhua plain,Chanbing Industrial Park (AS3-2),7.6,0.124,0.04551914839142999
 Taiwan,Changhua plain,Chanbing Industrial Park (AS3-2),7.6,0.124,0.04579353311794509
 Taiwan,Changhua plain,Chanbing Industrial Park (AS3-2),7.6,0.124,0.027794566738341943
 Taiwan,Changhua plain,Chanbing Industrial Park (AS6-1),7.6,0.124,0.0625065202249931
 Taiwan,Changhua plain,Chanbing Industrial Park (AS6-1),7.6,0.124,0.05655796348955882
 Taiwan,Changhua plain,Chanbing Industrial Park (AS6-1),7.6,0.124,0.10002232139976437
 Taiwan,Changhua plain,Chanbing Industrial Park (AS6-1),7.6,0.124,0.06541392648634002
 Taiwan,Changhua plain,Chanbing Industrial Park (AS6-10),7.6,0.124,0.047536924703970626
 Taiwan,Changhua plain,Chanbing Industrial Park (AS6-10),7.6,0.124,0.10002232139976437
 Taiwan,Changhua plain,Chanbing Industrial Park (AS6-10),7.6,0.124,0.030960940286081637
 Taiwan,Changhua plain,Chanbing Industrial Park (AS6-11),7.6,0.124,0.08822808986261775
 Taiwan,Changhua plain,Chanbing Industrial Park (AS6-11),7.6,0.124,0.037837815744282646
 Taiwan,Changhua plain,Chanbing Industrial Park (AS6-2),7.6,0.124,0.047536924703970626
 Taiwan,Changhua plain,Chanbing Industrial Park (AS6-2),7.6,0.124,0.02326594032179873
 Taiwan,Changhua plain,Chanbing Industrial Park (AS6-3),7.6,0.124,0.06695455438082404
 Taiwan,Changhua plain,Chanbing Industrial Park (AS6-3),7.6,0.124,0.02179393537150527
 Taiwan,Changhua plain,Chanbing Industrial Park (AS6-4),7.6,0.124,0.17689164525428844
 Taiwan,Changhua plain,Chanbing Industrial Park (AS6-4),7.6,0.124,0.0625065202249931
 Taiwan,Changhua plain,Chanbing Industrial Park (AS6-4),7.6,0.124,0.05065761903068257
 Taiwan,Changhua plain,Chanbing Industrial Park (AS6-4),7.6,0.124,0.0592946335889412
 Taiwan,Changhua plain,Chanbing Industrial Park (AS6-4),7.6,0.124,0.02179393537150527
 Taiwan,Changhua plain,Chanbing Industrial Park (AS6-5),7.6,0.124,0.048715511642903685
 Taiwan,Changhua plain,Chanbing Industrial Park (AS6-5),7.6,0.124,0.029843586500457604
 Taiwan,Changhua plain,Chanbing Industrial Park (AS6-6),7.6,0.124,0.030960940286081637
 Taiwan,Changhua plain,Chanbing Industrial Park (AS6-7 ),7.6,0.124,0.047536924703970626
 Taiwan,Changhua plain,Chanbing Industrial Park (AS6-7 ),7.6,0.124,0.046060556868305444
 Taiwan,Changhua plain,Chanbing Industrial Park (AS6-9),7.6,0.124,0.045708697783312206
 Taiwan,Changhua plain,Chanbing Industrial Park (AS6-9),7.6,0.124,0.037837815744282646
 Taiwan,Changhua plain,Yuanlin C-19,7.6,0.25,0.933053382356905
 Taiwan,Changhua plain,Yuanlin C-2,7.6,0.25,0.9212090445596226
 Taiwan,Changhua plain,Yuanlin C-25,7.6,0.25,0.5836015749911194
 Taiwan,Changhua plain,Yuanlin C-32,7.6,0.25,0.9070861205364684
 Taiwan,Changhua plain,Yuanlin C-3,7.6,0.25,0.5279551140108862
 Taiwan,Changhua plain,Yuanlin C-4,7.62,0.25,0.9057946539896797
 Taiwan,Changhua plain,Yuanlin C-19,7.62,0.25,0.933053382356905
 Taiwan,Changhua plain,Yuanlin C-22,7.62,0.25,0.9161324744816177
 Taiwan,Changhua plain,Yuanlin C-24,7.62,0.25,0.8899412380107938
 Taiwan,Changhua plain,Yuanlin C-25,7.62,0.25,0.8955251094927782
 Taiwan,Changhua plain,Yuanlin C-32,7.62,0.25,0.9070861205364684
 Taiwan,Changhua plain,Yuanlin BH40,7.6,0.18,0.6798925435722057
 Taiwan,Changhua plain,Yuanlin BH28,7.6,0.18,0.7492131088226235
 Taiwan,Changhua plain,Yuanlin BH30,7.6,0.18,0.8005612132417355
 Taiwan,Changhua plain,Yuanlin BH31,7.6,0.18,0.5565387855328676
 Taiwan,Changhua plain,Yuanlin BH10,7.6,0.18,0.6545072206150195
 Taiwan,Changhua plain,Yuanlin BH27,7.6,0.18,0.8005612132417355
 Taiwan,Changhua plain,YL-C1,7.5,0.191836734693878,0.10036220227012287
 Taiwan,Changhua plain,YL-C2,7.5,0.191836734693878,0.8913778638069514
 Taiwan,Changhua plain,YL-C3,7.5,0.191836734693878,0.1187957904320957
 Taiwan,Changhua plain,YL-C3,7.5,0.191836734693878,0.10817279494551252
 Taiwan,Changhua plain,YL-C4,7.5,0.191836734693878,0.7613489427076675
 Taiwan,Changhua plain,YL-C5,7.5,0.191836734693878,0.24131915493126035
 Taiwan,Changhua plain,YL-C5,7.5,0.191836734693878,0.18318319334441335
 Taiwan,Changhua plain,YL-C5,7.5,0.191836734693878,0.15820420705929128
 Taiwan,Changhua plain,YL-C7,7.5,0.191836734693878,0.13838670390903887
 Taiwan,Changhua plain,YL-C9,7.5,0.191836734693878,0.1187957904320957
 Taiwan,Changhua plain,YL-C1O,7.5,0.191836734693878,0.15820420705929128
 Taiwan,Changhua plain,YL-C19,7.5,0.191836734693878,0.8934565066253138
 Taiwan,Changhua plain,YL-C21,7.5,0.191836734693878,0.48628443267097937
 Taiwan,Changhua plain,YL-C21,7.5,0.191836734693878,0.03324792013230045
 Taiwan,Changhua plain,YL-C22,7.5,0.191836734693878,0.8561504694253808
 Taiwan,Changhua plain,YL-C22,7.5,0.191836734693878,0.8046290114217278
 Taiwan,Changhua plain,YL-C22,7.5,0.191836734693878,0.10817279494551252
 Taiwan,Changhua plain,YL-C22,7.5,0.191836734693878,0.04611882679705888
 Taiwan,Changhua plain,YL-C22,7.5,0.191836734693878,0.024265060673598782
 Taiwan,Changhua plain,YL-C22,7.5,0.191836734693878,0.020002340129847057
 Taiwan,Changhua plain,YL-C24,7.5,0.191836734693878,0.9181359466628167
 Taiwan,Changhua plain,YL-C24,7.5,0.191836734693878,0.8590092193866002
 Taiwan,Changhua plain,YL-C24,7.5,0.191836734693878,0.15566694188827432
 Taiwan,Changhua plain,YL-C24,7.5,0.191836734693878,0.10817279494551252
 Taiwan,Changhua plain,YL-C24,7.5,0.191836734693878,0.024265060673598782
 Taiwan,Changhua plain,YL-C24,7.5,0.191836734693878,0.020002340129847057
 Taiwan,Changhua plain,YL-C25,7.5,0.191836734693878,0.8112108718444142
 Taiwan,Changhua plain,YL-C25,7.5,0.191836734693878,0.9374138447239327
 Taiwan,Changhua plain,YL-C25,7.5,0.191836734693878,0.1103130433168944
 Taiwan,Changhua plain,YL-C25,7.5,0.191836734693878,0.10036220227012287
 Taiwan,Changhua plain,YL-C31,7.5,0.191836734693878,0.8934565066253138
 Taiwan,Changhua plain,YL-C31,7.5,0.191836734693878,0.10817279494551252
 Taiwan,Changhua plain,YL-C31,7.5,0.191836734693878,0.024265060673598782
 Taiwan,Changhua plain,YL-C32,7.5,0.191836734693878,0.9433161995786858
 Taiwan,Changhua plain,YL-C32,7.5,0.191836734693878,0.8765088589451322
 Taiwan,Changhua plain,YL-C35,7.5,0.211224489795918,0.9315514397877588
 Taiwan,Changhua plain,YL-C36,7.5,0.191836734693878,0.09226687963096142
 Taiwan,Changhua plain,YL-C36,7.5,0.191836734693878,0.13382534959055292
 Taiwan,Changhua plain,YL-C36,7.5,0.191836734693878,0.08549467115577822
 Taiwan,Changhua plain,YL-C36,7.5,0.191836734693878,0.09226687963096142
 Taiwan,Changhua plain,YL-C36,7.5,0.191836734693878,0.09226687963096142
 Taiwan,Changhua plain,YL-C42,7.5,0.211224489795918,0.5459729821928236
 Taiwan,Changhua plain,YL-C42,7.5,0.211224489795918,0.494009600184953
 Taiwan,Changhua plain,YL-C43,7.5,0.191836734693878,0.8590092193866002
 Taiwan,Changhua plain,YL-C43,7.5,0.191836734693878,0.4099311080229294
 Taiwan,Changhua plain,YL-C43,7.5,0.191836734693878,0.08549467115577822
 Taiwan,Changhua plain,YL-C44,7.5,0.191836734693878,0.10817279494551252
 Taiwan,Changhua plain,YL-C44,7.5,0.191836734693878,0.038939038807647194
 Taiwan,Changhua plain,YL-2,7.5,0.191836734693878,0.7782017779040776
 Taiwan,Changhua plain,YL-2,7.5,0.191836734693878,0.8934565066253138
 Taiwan,Changhua plain,YL-2,7.5,0.191836734693878,0.7879782374479796
 Taiwan,Changhua plain,YL-2,7.5,0.191836734693878,0.8829090651364775
 Taiwan,Changhua plain,YL-2,7.5,0.191836734693878,0.8703278232911315
 Taiwan,Changhua plain,YL-2,7.5,0.191836734693878,0.022677505710427242
 Taiwan,Changhua plain,YL-2,7.5,0.191836734693878,0.038939038807647194
 Taiwan,Changhua plain,YL-2,7.5,0.191836734693878,0.022677505710427242
 Taiwan,Changhua plain,YL-2,7.5,0.191836734693878,0.024265060673598782
 Taiwan,Changhua plain,Yuanlin Jen (C-1),7.6,0.19,0.9445548708068533
 Taiwan,Changhua plain,Yuanlin Jen (C-2),7.6,0.19,0.944222448226841
 Taiwan,Changhua plain,Yuanlin Jen (C-3),7.6,0.19,0.9445548708068533
 Taiwan,Changhua plain,Yuanlin Jen (C-4),7.6,0.19,0.9469363198266146
 Taiwan,Changhua plain,Yuanlin Jen (C-5),7.6,0.19,0.9445548708068533
 Taiwan,Changhua plain,Yuanlin Jen (C-6),7.6,0.19,0.8860489061304886
 Taiwan,Changhua plain,Yuanlin Jen (C-7),7.6,0.19,0.8271829889942549
 Taiwan,Changhua plain,Yuanlin Jen (C-8),7.6,0.19,0.819180455647272
 Taiwan,Changhua plain,Yuanlin Jen (C-9),7.6,0.19,0.9374138447239327
 Taiwan,Changhua plain,Yuanlin Jen (C-10),7.6,0.19,0.8590092193866002
 Taiwan,Changhua plain,Yuanlin Jen (C-11),7.6,0.19,0.7915150733178581
 Taiwan,Changhua plain,Yuanlin Jen (C-12),7.6,0.19,0.9241446538436702
 Taiwan,Changhua plain,Yuanlin Jen (C-13),7.6,0.19,0.8703278232911315
 Taiwan,Changhua plain,Yuanlin Jen (C-14),7.6,0.19,0.86105523118234
 Taiwan,Changhua plain,Yuanlin Jen (C-15),7.6,0.19,0.944222448226841
 Taiwan,Changhua plain,Yuanlin Jen (C-16),7.6,0.19,0.8829090651364775
 Taiwan,Changhua plain,Yuanlin Jen (C-17),7.6,0.19,0.8765088589451322
 Taiwan,Changhua plain,Yuanlin Jen (C-18),7.6,0.19,0.8942907676934531
 Taiwan,Changhua plain,Yuanlin Jen (C-19),7.6,0.19,0.9078809061042626
 Taiwan,Changhua plain,Yuanlin Jen (C-20),7.6,0.19,0.9277395243477551
 Taiwan,Changhua plain,Yuanlin Jen (C-21),7.6,0.19,0.9499114193257874
 Taiwan,Changhua plain,Yuanlin Jen (C-22),7.6,0.19,0.8780242680999417
 Taiwan,Changhua plain,Yuanlin Jen (C-23),7.6,0.19,0.939949460849989
 Taiwan,Changhua plain,Yuanlin Jen (C-24),7.6,0.19,0.8570153757081366
 Taiwan,Changhua plain,Yuanlin Jen (C-25),7.6,0.19,0.9445548708068533
 Taiwan,Changhua plain,Yuanlin Jen (C-26),7.6,0.19,0.9209497314423852
 Taiwan,Changhua plain,Yuanlin Jen (C-27),7.6,0.19,0.9469363198266146
 Taiwan,Changhua plain,Yuanlin Jen (C-28),7.6,0.19,0.9374138447239327
 Taiwan,Changhua plain,Yuanlin Jen (C-29),7.6,0.19,0.9445548708068533
 Taiwan,Changhua plain,Yuanlin Jen (C-30),7.6,0.19,0.9520296080991666
 Taiwan,Changhua plain,Yuanlin Jen (C-31),7.6,0.19,0.8874891871014731
 Taiwan,Changhua plain,Yuanlin Jen (C-32),7.6,0.19,0.9341456290314188
 Taiwan,Changhua plain,Yuanlin Jen (C-33),7.6,0.19,0.9499114193257874
 Taiwan,Changhua plain,Yuanlin Jen (C-34),7.6,0.21,0.9315514397877588
 Taiwan,Changhua plain,Yuanlin Jen (C-35),7.6,0.21,0.9315514397877588
 Taiwan,Changhua plain,Yuanlin Jen (C-36),7.6,0.19,0.8239134093409162
 Taiwan,Changhua plain,Yuanlin Jen (C-37),7.6,0.19,0.924260614009098
 Taiwan,Changhua plain,Yuanlin Jen (C-38),7.6,0.19,0.8343068851354428
 Taiwan,Changhua plain,Yuanlin Jen (C-39),7.6,0.19,0.8430166319652845
 Taiwan,Changhua plain,Yuanlin Jen (C-40),7.6,0.19,0.9278343152297208
 Taiwan,Changhua plain,Yuanlin Jen (C-41),7.6,0.19,0.9469363198266146
 Taiwan,Changhua plain,Yuanlin Jen (C-42),7.6,0.19,0.940584455173167
 Taiwan,Changhua plain,Yuanlin Jen (C-43),7.6,0.19,0.8466439789201582
 Taiwan,Changhua plain,Yuanlin Jen (C-44),7.6,0.19,0.9445548708068533
 Taiwan,Changhua plain,Yuanlin Jen (C-45),7.6,0.19,0.9278343152297208
 Taiwan,Changhua plain,Dacun Shiang,7.6,0.211,0.9217101041066139
 Taiwan,Changhua plain,Yuanlin elementary school,7.6,0.211,0.9040855289511202
 Taiwan,Changhua plain,Yuanlin Jen (BH-6),7.6,0.21,0.9314069885506024
 Taiwan,Changhua plain,Yuanlin Jen (BH-7),7.6,0.21,0.9314069885506024
 Taiwan,Changhua plain,Yuanlin Jen (BH-8),7.6,0.21,0.9405426594664796
 Taiwan,Changhua plain,Yuanlin Jen (BH-9),7.6,0.21,0.9128777399491972
 Taiwan,Changhua plain,Yuanlin Jen (BH-12),7.6,0.21,0.9268353462873116
 Taiwan,Changhua plain,Yuanlin Jen (BH-13),7.6,0.21,0.9405426594664796
 Taiwan,Changhua plain,Yuanlin Jen (BH-14),7.6,0.21,0.9197495644430626
 Taiwan,Changhua plain,Yuanlin Jen (BH-15),7.6,0.21,0.9339394447049588
 Taiwan,Changhua plain,Yuanlin Jen (BH-17),7.6,0.21,0.8289325593458445
 Taiwan,Changhua plain,Yuanlin Jen (BH-18),7.6,0.21,0.9405426594664796
 Taiwan,Changhua plain,Yuanlin Jen (BH-19),7.6,0.21,0.9225924927187873
 Taiwan,Changhua plain,Yuanlin Jen (BH-20),7.6,0.21,0.709264897431164
 Taiwan,Changhua plain,Yuanlin Jen (BH-21),7.6,0.21,0.9339388205256925
 Taiwan,Changhua plain,Yuanlin Jen (BH-22),7.6,0.21,0.8845434907425208
 Taiwan,Changhua plain,Yuanlin Jen (BH-23),7.6,0.21,0.8768128295836506
 Taiwan,Changhua plain,Yuanlin Jen (BH-24),7.6,0.21,0.906074732328756
 Taiwan,Changhua plain,Yuanlin Jen (BH-25),7.6,0.21,0.9405426594664796
 Taiwan,Changhua plain,Yuanlin Jen (BH-26),7.6,0.21,0.9405426594664796
 Taiwan,Changhua plain,Yuanlin Jen (BH-27),7.6,0.21,0.9405426594664796
 Taiwan,Changhua plain,Yuanlin Jen (BH-28),7.6,0.21,0.9339394447049588
 Taiwan,Changhua plain,Yuanlin Jen (BH-29),7.6,0.21,0.9268353462873116
 Taiwan,Changhua plain,Yuanlin Jen (BH-30),7.6,0.21,0.9222716955423558
 Taiwan,Changhua plain,Yuanlin Jen (BH-31),7.6,0.21,0.8547940151730472
 Taiwan,Changhua plain,Yuanlin Jen (BH-32),7.6,0.21,0.8818746052824606
 Taiwan,Changhua plain,Yuanlin Jen (BH-33),7.6,0.21,0.9405426594664796
 Taiwan,Changhua plain,Yuanlin Jen (BH-34),7.6,0.21,0.8311953141208426
 Taiwan,Changhua plain,Yuanlin Jen (BH-35),7.6,0.21,0.9268353462873116
 Taiwan,Changhua plain,Yuanlin Jen (BH-41),7.6,0.21,0.9339394447049588
 Taiwan,Changhua plain,Yuanlin Jen (BH-42),7.6,0.21,0.8923758772232713
 Taiwan,Changhua plain,Yuanlin Jen (BH-43),7.6,0.21,0.6442587057405718
 Taiwan,Changhua plain,Yuanlin Jen (BH-44),7.6,0.21,0.9225924927187873
 Taiwan,Changhua plain,Yuanlin Jen (BH-46),7.6,0.21,0.9339394447049588
 Taiwan,Changhua plain,Yuanlin Jen (BH-47),7.6,0.21,0.9339394447049588
 Taiwan,Changhua plain,Yuanlin Jen (BH-48),7.6,0.21,0.4450733318176324
 Taiwan,Changhua plain,Yuanlin Jen (BH-50),7.6,0.21,0.919863692274108
 Taiwan,Changhua plain,Yuanlin Jen (NO.1),7.6,0.211,0.9179483993417281
 Taiwan,Changhua plain,Yuanlin Jen (NO.2),7.6,0.211,0.9222716955423558
 Taiwan,Changhua plain,Yuanlin Jen (NO.3),7.6,0.211,0.8469339150155182
 Taiwan,Changhua plain,Yuanlin Jen (NO.4),7.6,0.211,0.87178867637895
 Taiwan,Changhua plain,Yuanlin Jen (NO.5),7.6,0.211,0.9521876618573613
 Taiwan,Changhua plain,Yuanlin Jen (NO.6),7.6,0.211,0.9521876618573613
 Taiwan,Changhua plain,Yuanlin Jen (NO.7),7.6,0.211,0.906074732328756
 Taiwan,Changhua plain,Yuanlin Jen (NO.8),7.6,0.211,0.9405426594664796
 Taiwan,Changhua plain,Yuanlin Jen (NO.9),7.6,0.211,0.9405426594664796
 Taiwan,Changhua plain,Yuanlin Jen (NO. 10),7.6,0.211,0.8483133871431058
 Taiwan,Changhua plain,Yuanlin Jen (NO. 11),7.6,0.211,0.9405426594664796
 Taiwan,Changhua plain,Yuanlin Jen (NO. 12),7.6,0.211,0.9299537119537896
 Taiwan,Changhua plain,Yuanlin Jen (NO. 13),7.6,0.211,0.9225924927187873
 Taiwan,Changhua plain,Yuanlin,7.6,0.25,0.7510062205207024
 Taiwan,Changhua plain,Yuanlin MAA BH-10,7.62,0.18,0.5501949394995306
 Taiwan,Changhua plain,Yuanlin MAA BH-27,7.62,0.18,0.7820149715248409
 Taiwan,Changhua plain,Yuanlin MAA BH-28,7.62,0.18,0.7615210095574154
 Taiwan,Changhua plain,Yuanlin MAA BH-30,7.62,0.18,0.7506773547577527
 Taiwan,Changhua plain,Yuanlin MAA BH-31,7.62,0.18,0.4868957051640265
 Taiwan,Changhua plain,Yuanlin MAA BH-40,7.62,0.18,0.7605611981613796
 Taiwan,Changhua plain,Yuanlin MAA BH-7,7.62,0.18,0.7627238206257183
 Taiwan,Changhua plain,"Yuanlin MAA BH-12, C-16",7.62,0.18,0.7492131088226235
 Taiwan,Changhua plain,Yuanlin MAA BH-18,7.62,0.18,0.8722085332332744
 Taiwan,Changhua plain,Yuanlin MAA BH-41,7.62,0.18,0.7615210095574154
 Taiwan,Changhua plain,Yuanlin MAA BH-14,7.62,0.18,0.7356963906366915
 Taiwan,Changhua plain,Yuanlin MAA BH-43,7.62,0.18,0.3036223897156069
 Taiwan,Changhua plain,Yuanlin MAA BH-44,7.62,0.18,0.5501949394995306
 Taiwan,Changhua plain,Yuanlin MAA BH-45,7.62,0.18,0.7615210095574154
 Taiwan,Changhua plain,Yuanlin MAA BH-26,7.62,0.18,0.8638548220095675
 Taiwan,Changhua plain,Yuanlin MAA BH-46,7.62,0.18,0.7566245586449256
 Taiwan,Changhua plain,Yuanlin MAA BH-32,7.62,0.18,0.627732144549616
 Taiwan,Changhua plain,Yuanlin MAA BH-35,7.62,0.18,0.3963965545607395
 Taiwan,Changhua plain,Yuanlin MAA BH-39,7.62,0.18,0.8005612132417355
 Taiwan,Changhua plain,"Yuanlin MAA C-15, BH-15",7.62,0.25,0.8916276008986563
 Taiwan,Chianan plain,Pudai Harbor (H1-2),7.6,0.069,0.20414581199469106
 Taiwan,Chianan plain,Pudai Harbor (H1-3),7.6,0.069,0.13396242018486854
 Taiwan,Chianan plain,Pudai Harbor (H1-4),7.6,0.069,0.13317983618043444
 Taiwan,Chianan plain,Pudai Harbor (H1-5),7.6,0.069,0.1363419621802358
 Taiwan,Chianan plain,Pudai Harbor (H1-6),7.6,0.069,0.13377668480715957
 Taiwan,Chianan plain,Pudai Harbor (H1-7),7.6,0.069,0.14770040072598428
 Taiwan,Chianan plain,Pudai Harbor (H2-1),7.6,0.069,0.11513200751547302
 Taiwan,Chianan plain,Pudai Harbor (H2-2),7.6,0.069,0.15802186719161918
 Taiwan,Chianan plain,Pudai Harbor (H2-3),7.6,0.069,0.08031224321444207
 Taiwan,Chianan plain,Pudai Harbor (H2-4),7.6,0.069,0.1387003566259109
 Taiwan,Chianan plain,Pudai Harbor (H2-5),7.6,0.069,0.0884706395782564
 Taiwan,Chianan plain,Pudai Harbor (H2-6),7.6,0.069,0.12474014561079735
 Taiwan,Chianan plain,Pudai Harbor (H2-7),7.6,0.069,0.1363419621802358
 Taiwan,Chianan plain,Pudai Harbor (PDH-1),7.6,0.069,0.04656718811906653
 Taiwan,Chianan plain,Pudai Harbor (PDH-2),7.6,0.069,0.12534181686933712
 Taiwan,Chianan plain,Pudai Harbor (PDH-3),7.6,0.069,0.028766797412162596
 Taiwan,Chianan plain,Pudai Harbor (PDH-4),7.6,0.069,0.06700822927903052
 Taiwan,Chianan plain,Pudai Harbor (PDH-5),7.6,0.069,0.15802186719161918
 Taiwan,Chianan plain,Pudai Harbor (PDH-6),7.6,0.069,0.15802186719161918
 Taiwan,Chianan plain,Pudai Harbor (PDH-7),7.6,0.069,0.16952515685000022
 Taiwan,Chianan plain,Pudai Harbor (PDH-8),7.6,0.069,0.15802186719161918
 Taiwan,Chianan plain,Minsen Middle School (CY1),7.6,0.18,0.568499607606994
 Taiwan,Chianan plain,Minsen Middle School (CY2),7.6,0.18,0.04540684941519708
 Taiwan,Chianan plain,Minsen Middle School (CY3),7.6,0.18,0.06413079044815817
 Taiwan,Chianan plain,Minsen Middle School (CY4),7.6,0.18,0.06413079044815817
 Taiwan,Chianan plain,Minsen Middle School (CY5),7.6,0.18,0.25257469428048385
 Taiwan,Chianan plain,Minsen Middle School (CY6),7.6,0.18,0.4979560809619939
 Taiwan,Chianan plain,Chiayi county (A),7.6,0.19,0.051362826515397766
 Taiwan,Chianan plain,Chiayi county (A),7.6,0.19,0.12787887675773785
 Taiwan,Chianan plain,Chiayi county (A),7.6,0.19,0.029046054139087098
 Taiwan,Chianan plain,Chiayi county (A),7.6,0.19,0.0874502441089058
 Taiwan,Chianan plain,Chiayi county (A),7.6,0.19,0.088893515289654
 Taiwan,Chianan plain,Chiayi county (A),7.6,0.19,0.03914726616436272
 Taiwan,Chianan plain,Chiayi county (A),7.6,0.19,0.03914726616436272
 Taiwan,Chianan plain,Chiayi county (B),7.6,0.19,0.09829190495704951
 Taiwan,Chianan plain,Chiayi county (B),7.6,0.19,0.23480279649009947
 Taiwan,Chianan plain,Chiayi county (B),7.6,0.19,0.09829190495704951
 Taiwan,Chianan plain,Chiayi county (B),7.6,0.19,0.15978262680327168
 Taiwan,Chianan plain,Chiayi county (B),7.6,0.19,0.31368622938972796
 Taiwan,Chianan plain,Chiayi county (B),7.6,0.19,0.4413394963144478
 Taiwan,Chianan plain,Chiayi county (B),7.6,0.19,0.14725655989890718
 Taiwan,Chianan plain,Chiayi county (B),7.6,0.19,0.1644970153241965
 Taiwan,Chianan plain,Chiayi county (B),7.6,0.19,0.19729306631100424
 Taiwan,Chianan plain,Chiayi county (B),7.6,0.19,0.07296043087160486
 Taiwan,Chianan plain,Chiayi county (B),7.6,0.19,0.04235950777443639
 Taiwan,Chianan plain,Chiayi county (B),7.6,0.19,0.039139605991759016
 Taiwan,Chianan plain,Chiayi county (B),7.6,0.19,0.044412554441239836
 Taiwan,Chianan plain,Chiayi county (C),7.6,0.19,0.058788547851902635
 Taiwan,Chianan plain,Chiayi county (C),7.6,0.19,0.13626851106358678
 Taiwan,Chianan plain,Chiayi county (C),7.6,0.19,0.07433742211177745
 Taiwan,Chianan plain,Chiayi county (C),7.6,0.19,0.08237237324738234
 Taiwan,Chianan plain,Chiayi county (D),7.6,0.19,0.047223244486135026
 Taiwan,Chianan plain,Chiayi county (D),7.6,0.19,0.041985474860693164
 Taiwan,Chianan plain,Chiayi county (D),7.6,0.19,0.2579433381869839
 Taiwan,Chianan plain,Chiayi county (D),7.6,0.19,0.08237237324738234
 Taiwan,Chianan plain,Taibau City,7.6,0.128,0.2681168905844615
 Taiwan,Chianan plain,Taibau City,7.6,0.128,0.4699571234318525
 Taiwan,Chianan plain,Taibau City,7.6,0.128,0.2791170902344885
 Taiwan,Chianan plain,Taibau City,7.6,0.128,0.12091389264241888
 Taiwan,Chianan plain,Taibau City,7.6,0.128,0.1363091275448039
 Taiwan,Chianan plain,Taibau City,7.6,0.128,0.1415182365094136
 Taiwan,Chianan plain,Taibau City,7.6,0.128,0.0545617005251039
 Taiwan,Chianan plain,Taibau City,7.6,0.128,0.32005097390659576
 Taiwan,Chianan plain,Taibau City,7.6,0.128,0.4309697542013254
 Taiwan,Chianan plain,Taibau City,7.6,0.128,0.07655496929394813
 Taiwan,Chianan plain,Taibau City,7.6,0.128,0.2851444088909217
 Taiwan,Chianan plain,Taibau City,7.6,0.128,0.05785415677506249
 Taiwan,Chianan plain,Taibau City,7.6,0.128,0.034026640026913454
 Taiwan,Chianan plain,Taibau City,7.6,0.128,0.026478877617757846
 Taiwan,Chianan plain,Taibau City,7.6,0.128,0.050463141894702725
 Taiwan,Chianan plain,Taibau City,7.6,0.128,0.04038607344368121
 Taiwan,Chianan plain,Taibau City,7.6,0.128,0.2367097515428451
 Taiwan,Chianan plain,Taibau City,7.6,0.128,0.3726256208044665
 Taiwan,Chianan plain,Taibau City,7.6,0.128,0.38755640329608637
 Taiwan,Chianan plain,Taibau City,7.6,0.128,0.08077034353920982
 Taiwan,Chianan plain,Taibau City,7.6,0.128,0.07326496256408849
 Taiwan,Chianan plain,Taibau City,7.6,0.128,0.023678760962990646
 Taiwan,Chianan plain,Taibau City,7.6,0.128,0.023678760962990646
 Taiwan,Chianan plain,Taibau City,7.6,0.128,0.09844466779312386
 Taiwan,Chianan plain,Taibau City,7.6,0.128,0.02162005625721427
 Taiwan,Chianan plain,Taibau City,7.6,0.128,0.3016205039685108
 Taiwan,Chianan plain,Taibau City,7.6,0.128,0.35725504891833815
 Taiwan,Chianan plain,Taibau City,7.6,0.128,0.05666525794897146
 Taiwan,Chianan plain,Taibau City,7.6,0.128,0.3083054733296133
 Taiwan,Chianan plain,Taibau City,7.6,0.128,0.1653639179104959
 Taiwan,Chianan plain,Taibau City,7.6,0.128,0.05893817182061311
 Taiwan,Chianan plain,Taibau City,7.6,0.128,0.07326496256408849
 Taiwan,Chianan plain,Taibau City,7.6,0.128,0.02162005625721427
 Taiwan,Chianan plain,Taibau City,7.6,0.128,0.04441876321102069
 Taiwan,Chianan plain,Taibau City,7.6,0.128,0.050463141894702725
 Taiwan,Chianan plain,Annan Dist. (BH-A1),6.4,0.228,0.8655646061224769
 Taiwan,Chianan plain,Annan Dist. (BH-A2),6.4,0.228,0.8655646061224769
 Taiwan,Chianan plain,Annan Dist. (BH-A3),6.4,0.228,0.8717147962709014
 Taiwan,Chianan plain,Annan Dist. (BH-A4),6.4,0.228,0.8655646061224769
 Taiwan,Chianan plain,Annan Dist. (BH-A5),6.4,0.228,0.8681427906880179
 Taiwan,Chianan plain,Annan Dist. (BH-A6),6.4,0.228,0.8681427906880179
 Taiwan,Chianan plain,Sinshih Dist. (BH-S1),6.4,0.294,0.8941463316277092
 Taiwan,Chianan plain,Sinshih Dist. (BH-S2),6.4,0.294,0.9217064859217806
 Taiwan,Chianan plain,Sinshih Dist. (BH-S3),6.4,0.294,0.9222032071505643
 Taiwan,Chianan plain,Sinshih Dist. (BH-S4),6.4,0.294,0.9246584610683413
 Taiwan,Chianan plain,Sinshih Dist. (BH-S5),6.4,0.294,0.9246584610683413
 Taiwan,Chianan plain,Sinshih Dist. (BH-S6),6.4,0.294,0.9246584610683413
 Taiwan,Chianan plain,Sinshih Dist. (BH-S7),6.4,0.294,0.9246584610683413
 Taiwan,Chianan plain,Shinhua Jen (BH-1),7.6,0.055,0.053583817187172034
 Taiwan,Chianan plain,Shinhua Jen (BH-2),7.6,0.055,0.03440373023989183
 Taiwan,Chianan plain,Beigang Jen (B1),7.6,0.084,0.0612411209749653
 Taiwan,Chianan plain,Beigang Jen (B1),7.6,0.084,0.08091088834306488
 Taiwan,Chianan plain,Beigang Jen (B1),7.6,0.084,0.10690970858363712
 Taiwan,Chianan plain,Beigang Jen (B1),7.6,0.084,0.044644523646687154
 Taiwan,Chianan plain,Beigang Jen (B1),7.6,0.084,0.02514466961953814
 Taiwan,Chianan plain,Beigang Jen (B1),7.6,0.084,0.06372541885347788
 Taiwan,Chianan plain,Beigang Jen (B1),7.6,0.084,0.04200630390945647
 Taiwan,Chianan plain,Beigang Jen (B1),7.6,0.084,0.03711775061588506
 Taiwan,Chianan plain,Beigang Jen (B1),7.6,0.084,0.02554563205948038
 Taiwan,Chianan plain,Beigang Jen (B1),7.6,0.084,0.04009795218574881
 Taiwan,Chianan plain,Beigang Jen (B1),7.6,0.084,0.03711775061588506
 Taiwan,Chianan plain,Beigang Jen (B2),7.6,0.084,0.03800466309400821
 Taiwan,Chianan plain,Beigang Jen (B2),7.6,0.084,0.09736978264615888
 Taiwan,Chianan plain,Beigang Jen (B2),7.6,0.084,0.08802611216995736
 Taiwan,Chianan plain,Beigang Jen (B2),7.6,0.084,0.044644523646687154
 Taiwan,Chianan plain,Beigang Jen (B2),7.6,0.084,0.02788241684559283
 Taiwan,Chianan plain,Beigang Jen (B2),7.6,0.084,0.04200630390945647
 Taiwan,Chianan plain,Beigang Jen (B2),7.6,0.084,0.04200630390945647
 Taiwan,Chianan plain,Beigang Jen (B2),7.6,0.084,0.04200630390945647
 Taiwan,Chianan plain,Beigang Jen (B2),7.6,0.084,0.025779261757415947
 Taiwan,Chianan plain,Beigang Jen (B2),7.6,0.084,0.033565590514196074
 Taiwan,Chianan plain,Beigang Jen (B2),7.6,0.084,0.024121397560539777
 Taiwan,Chianan plain,Beigang Jen (B3),7.6,0.084,0.057711751962335904
 Taiwan,Chianan plain,Beigang Jen (B3),7.6,0.084,0.09736978264615888
 Taiwan,Chianan plain,Beigang Jen (B3),7.6,0.084,0.08802611216995736
 Taiwan,Chianan plain,Beigang Jen (B3),7.6,0.084,0.044644523646687154
 Taiwan,Chianan plain,Beigang Jen (B3),7.6,0.084,0.04240506696266592
 Taiwan,Chianan plain,Beigang Jen (B3),7.6,0.084,0.03614515160447829
 Taiwan,Chianan plain,Beigang Jen (B3),7.6,0.084,0.04009795218574881
 Taiwan,Chianan plain,Beigang Jen (B3),7.6,0.084,0.05312559489350392
 Taiwan,Chianan plain,Beigang Jen (B3),7.6,0.084,0.03711775061588506
 Taiwan,Chianan plain,Beigang Jen (B3),7.6,0.084,0.025779261757415947
 Taiwan,Chianan plain,Beigang Jen (B3),7.6,0.084,0.026189745238699415
 Taiwan,Chianan plain,Beigang Jen (B3),7.6,0.084,0.05999108949372442
 Taiwan,Chianan plain,Beigang Jen (B5),7.6,0.084,0.03800466309400821
 Taiwan,Chianan plain,Beigang Jen (B5),7.6,0.084,0.11378323664259883
 Taiwan,Chianan plain,Beigang Jen (B5),7.6,0.084,0.09139950783030426
 Taiwan,Chianan plain,Beigang Jen (B5),7.6,0.084,0.018731568749993658
 Taiwan,Chianan plain,Beigang Jen (B5),7.6,0.084,0.019865130591353548
 Taiwan,Chianan plain,Beigang Jen (B5),7.6,0.084,0.01882072328511864
 Taiwan,Chianan plain,Beigang Jen (B5),7.6,0.084,0.03396839768711537
 Taiwan,Chianan plain,Beigang Jen (B5),7.6,0.084,0.026189745238699415
 Taiwan,Chianan plain,Beigang Jen (B5),7.6,0.084,0.04200630390945647
 Taiwan,Lanyang plain,Lotung LSST. L2-L5A.6,6.6,0.22,0.40077953156707147
 Taiwan,Lanyang plain,Lotung LSST. L2-L7,6.6,0.22,0.40077953156707147
 Taiwan,Lanyang plain,"Lotung LSST, L8-L3",6.6,0.22,0.2503082342151964
 Taiwan,Lanyang plain,"Lotung LSST, L8-L4",6.6,0.22,0.38648603922423996
 Taiwan,Lanyang plain,Lotung LSST,6.6,0.18,0.40185182695437366
 China,Bohai Bay area,T1 Tangshan District,8.0,0.4,0.9292839231112243
 China,Bohai Bay area,T2 Tangshan District,8.0,0.4,0.9681821467848052
 China,Bohai Bay area,T8 Tangshan District,8.0,0.4,0.931905306321622
 China,Bohai Bay area,T10 Tangshan District,8.0,0.4,0.9423354399825871
 China,Bohai Bay area,T19 Tangshan District,8.0,0.2,0.8928207176702632
 China,Bohai Bay area,T22 Tangshan District,8.0,0.2,0.729742975847234
 China,Bohai Bay area,T32 Tangshan District,8.0,0.15,0.4214415446442287
 China,Bohai Bay area,T21 Tangshan District,8.0,0.2,0.05639378013890798
 China,Bohai Bay area,T30 Tangshan District,8.0,0.1,0.05231153094195546
 China,Bohai Bay area,T36 Tangshan Distrid,8.0,0.15,0.3208382485990294
 China,Bohai Bay area,T1 -Tangshan,7.6,0.64,0.9070434359246102
 China,Bohai Bay area,T4 -Tangshan,7.6,0.64,0.14551327256965216
 China,Bohai Bay area,T6 - Tangshan,7.6,0.64,0.600827613103558
 China,Bohai Bay area,T7 - Tangshan,7.6,0.64,0.8997449188885641
 China,Bohai Bay area,T8 - Tangshan,7.6,0.64,0.7077856220524069
 China,Bohai Bay area,T9 - Tangshan,7.6,0.64,0.44363733310588355
 China,Bohai Bay area,T10 - Tangshan,7.6,0.64,0.9226138429793554
 China,Bohai Bay area,T11 - Tangshan,7.6,0.61,0.9263681989932185
 China,Bohai Bay area,T13 - Tangshan,7.6,0.58,0.5829659986950912
 China,Bohai Bay area,T16 - Tangshan,7.6,0.26,0.07166447478130906
 China,Bohai Bay area,T19 - Tangshan,7.6,0.25,0.9175139641815936
 China,Bohai Bay area,T21 - Tangshan,7.6,0.25,0.0887878642102945
 China,Bohai Bay area,T22 - Tangshan,7.6,0.25,0.9201043884821705
 China,Bohai Bay area,T30 - Tangshan,7.6,0.2,0.052205156014642456
 China,Bohai Bay area,T32 - Tangshan,7.6,0.18,0.6345303529696613
 China,Bohai Bay area,T36 - Tangshan,7.6,0.16,0.49006628538593294
 China,Bohai Bay area,Y24 - Tangshan,7.6,0.12,0.7581154341116887
 China,Bohai Bay area,Y28 - Tangshan,7.6,0.12,0.9238816013198436
 China,Bohai Bay area,Y29 - Tangshan,7.6,0.12,0.8688215776007717
 China,Bohai Bay area,Coastal Region,7.8,0.13,0.48791940529572486
 China,Bohai Bay area,Le Ting L8-14,7.8,0.2,0.8849669384847016
 China,Bohai Bay area,Qing Jia Ying,7.8,0.35,0.6448787053666667
 China,Bohai Bay area,Tangshan City,7.8,0.5,0.1487716724053109
 China,Bohai Bay area,Yao Yuan Village,7.8,0.2,0.9180387629681468
 China,Bohai Bay area,Luan Nan-L1,7.8,0.22,0.2933435907859496
 China,Bohai Bay area,Luan Nan-L2,7.8,0.22,0.9441941862463642
 China,Bohai Bay area,Tangshan City,7.6,0.5,0.11520872595526536
 China,Bohai Bay area,Douhe bridge,7.8,0.64,0.865733778498582
 China,Bohai Bay area,Wali,7.8,0.53,0.9368707979017263
 China,Bohai Bay area,"Xugezhuang,Fengnan",7.8,0.64,0.8253657679007828
 China,Bohai Bay area,"Gaozhuangzi,Fengnan",7.8,0.64,0.10044696206913416
 China,Bohai Bay area,Tangshan seed company,7.8,0.64,0.5535237371680145
 China,Bohai Bay area,Xidafutuo,7.8,0.64,0.9311852643781208
 China,Bohai Bay area,Dongdafutuo,7.8,0.64,0.8068074318862875
 China,Bohai Bay area,Laobianzhuang,7.8,0.64,0.8648820185146316
 China,Bohai Bay area,"Daodi, Fengnan",7.8,0.64,0.18481332086398986
 China,Bohai Bay area,"Jingzhuang, Fengnan",7.8,0.64,0.3751707331053008
 China,Bohai Bay area,"Fanzhuang, Fengnan",7.8,0.61,0.6103238098492817
 China,Bohai Bay area,"Xuanzhuang, Fengnan",7.8,0.58,0.8100084493768007
 China,Bohai Bay area,"Caogezhuang, Fengnan",7.8,0.58,0.9483480684259128
 China,Bohai Bay area,"Yanjiazhuang, Fengnan",7.8,0.54,0.5470842360639365
 China,Bohai Bay area,"Shezhuang, Luan",7.8,0.27,0.19148197561536406
 China,Bohai Bay area,"Dongtuozitou, Luan",7.8,0.26,0.13679025254414848
 China,Bohai Bay area,Tangshan locomotive vehicle factory,7.8,0.2,0.6660606664571899
 China,Bohai Bay area,Tangshan the tenth middle school,7.8,0.3,0.16701238088901563
 China,Bohai Bay area,Kaiping,7.8,0.2,0.13263705919885507
 China,Bohai Bay area,Tangshan (T-10),7.8,0.4,0.9561379939908723
 China,Bohai Bay area,Tangshan (T-11),7.8,0.4,0.9495148150848041
 China,Bohai Bay area,Tangshan (T-12),7.8,0.4,0.9512051212151611
 China,Bohai Bay area,Tangshan (T-13),7.8,0.4,0.9475240746329443
 China,Bohai Bay area,Tangshan (T-14),7.8,0.4,0.5946452684463277
 China,Bohai Bay area,Tangshan (T-15),7.8,0.4,0.9553392917166983
 China,Bohai Bay area,Tangshan (T-16),7.8,0.4,0.16582823884311534
 China,Bohai Bay area,Tangshan (T-17),7.8,0.2,0.03548572987970782
 China,Bohai Bay area,Tangshan (T-18),7.8,0.2,0.8212398330662364
 China,Bohai Bay area,Tangshan (T-19),7.8,0.2,0.9115593523945652
 China,Bohai Bay area,Tangshan (T-20),7.8,0.2,0.034327256602005
 China,Bohai Bay area,Tangshan (T-21),7.8,0.2,0.10693787679921919
 China,Bohai Bay area,Tangshan (T-22),7.8,0.2,0.9218391429156385
 China,Bohai Bay area,Tangshan (T-23),7.8,0.2,0.910104335372458
 China,Bohai Bay area,Tangshan (T-24),7.8,0.2,0.9198402149172957
 China,Bohai Bay area,Tangshan (T-25),7.8,0.2,0.36126587167578333
 China,Bohai Bay area,Tangshan (T-26),7.8,0.1,0.6550839688662683
 China,Bohai Bay area,Tangshan (T-27),7.8,0.2,0.9398587229248926
 China,Bohai Bay area,Tangshan (T-28),7.8,0.1,0.04341650699323921
 China,Bohai Bay area,Tangshan (T-29),7.8,0.1,0.44260587633378373
 China,Bohai Bay area,Tangshan (T-30),7.8,0.1,0.01606049630471935
 China,Bohai Bay area,Tangshan (T-31),7.8,0.2,0.8563674629251887
 China,Bohai Bay area,Tangshan (T-32),7.8,0.2,0.8596062908886226
 China,Bohai Bay area,Tangshan (T-33),7.8,0.2,0.8437901701610054
 China,Bohai Bay area,Tangshan (T-34),7.8,0.2,0.8235335223223377
 China,Bohai Bay area,Tangshan (T-35),7.8,0.2,0.8078035722369205
 China,Bohai Bay area,Tangshan (T-36),7.8,0.2,0.3844874839299793
 China,Bohai Bay area,Cement Factory at Ma Lu Village,8.0,0.4,0.4951301608762604
 China,Bohai Bay area,Dong Daifu Tao Bh7,8.0,0.45,0.9223898846894475
 China,Bohai Bay area,"Dou He Bridge, Site 1",8.0,0.45,0.9075435140768767
 China,Bohai Bay area,"Xuan Village, Fengnan",8.0,0.4,0.9119582549811442
 China,Bohai Bay area,"Cao Ge Village, Fengnan Town",8.0,0.4,0.8857821959606199
 China,Bohai Bay area,"Fengnan Xian, Site11",8.0,0.45,0.9398870218834793
 China,Bohai Bay area,"Dao Dl Village, Fengnan",8.0,0.4,0.14459565017146853
 China,Bohai Bay area,"Dao Dl Village River Bank, Fengnan",8.0,0.35,0.9105091426125236
 China,Bohai Bay area,"Gao Zhuang Zi, Fengnan",8.0,0.4,0.7066881735891158
 China,Bohai Bay area,"Jing Village, Fengnan",8.0,0.4,0.6366206149987722
 China,Bohai Bay area,"Xuge Village, Fengnan",8.0,0.4,0.12112098847815415
 China,Bohai Bay area,"Dong Tuo Zl Tou, Luan Town",8.0,0.4,0.37157166537904285
 China,Bohai Bay area,"She Village, Luan Town",8.0,0.4,0.9214990273162671
 China,Bohai Bay area,Luannan,8.0,0.2,0.8806996147371168
 China,Bohai Bay area,Luannan,8.0,0.2,0.9391482721158604
 China,Bohai Bay area,Luannan County Crematorium,8.0,0.2,0.2760777321711376
 China,Bohai Bay area,"Jiang Pao Middle School, Luannan",8.0,0.2,0.8500314054108116
 China,Bohai Bay area,Lao Bian Village,8.0,0.4,0.8897562582353816
 China,Bohai Bay area,Liang Zhang,8.0,0.4,0.22057583850080625
 China,Bohai Bay area,"Wa U Village, E. of Tangshan",8.0,0.45,0.9545249766227841
 China,Bohai Bay area,Xi Dai Fu Tou,8.0,0.4,0.9315213912056199
 China,Bohai Bay area,"Yan Zhuang Village, Fengnan",8.0,0.3,0.8832386638666767
 China,Bohai Bay area,T1 - Douhe Bridge,7.6,0.64,0.8828556014860317
 China,Bohai Bay area,T2 - Wali,7.6,0.53,0.80142106611112
 China,Bohai Bay area,T4 - Gaozhuangzi,7.6,0.64,0.6663676091270229
 China,Bohai Bay area,T6 - Xidafutuo,7.6,0.64,0.8020631666291178
 China,Bohai Bay area,T7 - Dongdafutuo,7.6,0.64,0.6928598109201297
 China,Bohai Bay area,T8 - Laobianzhang,7.6,0.64,0.8899837518021476
 China,Bohai Bay area,"T9 - Daodi, Rice Field",7.6,0.64,0.7867450985863966
 China,Bohai Bay area,T10 - Jingzhuang,7.6,0.64,0.9400622889926582
 China,Bohai Bay area,T13 - Caogezhuang,7.6,0.58,0.9487095951700287
 China,Bohai Bay area,T16 - Dongtuozitou,7.6,0.26,0.5570968045452035
 China,Bohai Bay area,T19 - Jiangpao,7.6,0.25,0.927656436885062
 China,Bohai Bay area,T21 - Crematory,7.6,0.25,0.3778220318776289
 China,Bohai Bay area,T22 - Xinzhuangzi,7.6,0.25,0.9428938272303095
 China,Bohai Bay area,T30 - Magezhuang,7.6,0.2,0.8453815500990048
 China,Bohai Bay area,T32 - Caigezhuang,7.6,0.18,0.6324047165880167
 China,Bohai Bay area,T36 - Maozhuang,7.6,0.16,0.06779548107899432
 China,Bohai Bay area,Tientsin Y21,8.0,0.08,0.8203840072462104
 China,Bohai Bay area,Tientsin Y24,8.0,0.09,0.6037465119763301
 China,Bohai Bay area,Tientsin Y28,8.0,0.09,0.8914629631842625
 China,Bohai Bay area,Tientsin Y29,8.0,0.08,0.8941131764061505
 China,Bohai Bay area,Tientsin F13,8.0,0.09,0.7374024872366233
 China,Bohai Bay area,Lutai chemical factory,7.8,0.27,0.753402753356726
 China,Bohai Bay area,Lutai agriculture machine factory,7.8,0.27,0.6895814072933691
 China,Bohai Bay area,Lutai Area (L-1),7.8,0.2,0.6676649860583178
 China,Bohai Bay area,Lutai Area (L-2),7.8,0.2,0.7930488699348436
 China,Bohai Bay area,Lutai Area (L-3),7.8,0.2,0.7930488699348436
 China,Bohai Bay area,Lutai Area (L-4),7.8,0.2,0.37063562893552515
 China,Bohai Bay area,Lutai 51,7.8,0.2,0.6075770784408657
 China,Bohai Bay area,"State Farm Eq. Factory, Lutai",8.0,0.2,0.9222631995310613
 China,Bohai Bay area,"State Tianjin Printing Factory, Lutai",8.0,0.2,0.8241015831502991
 China,Liaodong Bay area,Panjin Ch. F. P.,7.3,0.13,0.5394646321241486
 China,Liaodong Bay area,Shuang Tai Zi R.,7.3,0.1,0.48945914977547145
 China,Liaodong Bay area,Panjin Shuangtaizi River Sluice Gate,7.0,0.2,0.8746699979192658
 China,Liaodong Bay area,Chemical Fiber Site,7.3,0.15,0.664595959522892
 China,Liaodong Bay area,Const. Com. Building,7.3,0.15,0.8514109929198217
 China,Liaodong Bay area,Guest house,7.3,0.15,0.8136207664182306
 China,Liaodong Bay area,17th Middle School,7.3,0.15,0.8360737034505805
 China,Liaodong Bay area,Paper Mill,7.3,0.15,0.8555780345063555
 China,Liaodong Bay area,17th Middle School,7.0,0.3,0.9286982622460866
 China,Liaodong Bay area,Ying Kou G. F. P.,7.3,0.2,0.707681989581647
 China,Liaodong Bay area,Ying Kou P. P.,7.3,0.2,0.8934415788694164
 China,Liaodong Bay area,Paper mill site,7.3,0.13,0.3971326977361294
 China,Liaodong Bay area,Glass fiber site,7.3,0.13,0.45191405134131285
 China,Liaodong Bay area,Fisheries and shipbuilding site,7.3,0.13,0.5416085970666543
 China,Liaodong Bay area,Middle schoool site,7.3,0.13,0.09566158497355298
 China,Liaodong Bay area,Chemical fiber site,7.3,0.13,0.86482108525585
 China,Liaodong Bay area,Paper mill site,7.3,0.15,0.8375980701346096
 China,Liaodong Bay area,Glass fiber site,7.3,0.15,0.8480205718626216
 China,Liaodong Bay area,Construction building site,7.3,0.15,0.8438138402636054
 China,Liaodong Bay area,Fisheries and shipbuilding site,7.3,0.15,0.8375980701346096
 China,Liaodong Bay area,Middle schoool site,7.3,0.15,0.5397142446368858
 China,Liaodong Bay area,Chemical fiber site,7.3,0.15,0.827850930534669
 China,Liaodong Bay area,Chemical Fibre,7.3,0.12,0.6961912374565842
 China,Liaodong Bay area,Construction Building,7.3,0.12,0.7286429159001397
 China,Liaodong Bay area,Fisheries&Shipbuilding,7.3,0.12,0.7438825362645024
 China,Liaodong Bay area,Glass Fiber,7.3,0.12,0.7438825362645024
 China,Liaodong Bay area,Middle School,7.0,0.12,0.3215452058253614
 China,Liaodong Bay area,Paper Mill,7.3,0.12,0.6781055409639233
 China,Liaodong Bay area,"Chemical Fiber, Ying-Kou",7.1,0.12,0.7084883187229521
 China,Liaodong Bay area,"Construction Building, Ying-Kou",7.1,0.12,0.7401168005578915
 China,Liaodong Bay area,"Fisheries & Shipbuilding, Ying-Kou",7.1,0.12,0.754928769834135
 China,Liaodong Bay area,"Glass Fiber, Ying-Kou",7.1,0.12,0.9169297764963211
 China,Liaodong Bay area,"Middle School, Ying-Kou",7.1,0.12,0.3531006723059155
 China,Liaodong Bay area,"Paper Mill, Ying-Kou",7.1,0.12,0.7999265467195812
 China,Liaodong Bay area,Ying Kou Paper Mill,7.0,0.36,0.7515814193481536
 China,Chengdu plain,"Xiaojia Village, Chengdu",7.9,0.17,0.2603356812582159
 China,Chengdu plain,"Tian'e Village, Pengzhou",7.9,0.24,0.8330998435854018
 China,Chengdu plain,"Yongshou Village, Dujiangyan",7.9,0.25,0.1972774617185874
 China,Chengdu plain,"Jinxing Village, Chengdu",7.9,0.21,0.45073204614206114
 China,Chengdu plain,"Quanshui Village, Dujiangyan",7.9,0.24,0.3125802129677214
 China,Chengdu plain,"Fengle Village, Dujiangyan",7.9,0.25,0.30081448289703483
 China,Chengdu plain,"Sandaoyan Village, Pixian",7.9,0.18,0.4198812918610878
 China,Chengdu plain,"Majiamiao Village, Pixian",7.9,0.2,0.12170357712276557
 China,Chengdu plain,"Shidimiao Village, Pixian",7.9,0.18,0.1280005005867252
 China,Chengdu plain,"Yongsheng Village, Pixian",7.9,0.17,0.1052267831465902
 China,Chengdu plain,"Qingbaijiang Bridge, Pengzhou",7.9,0.21,0.14493170758865961
 China,Chengdu plain, Wenjiang construction site ZK140,7.9,0.263,0.2322066849917266
 China,Chengdu plain, Wenjiang construction site ZK142,7.9,0.263,0.11083276743635621
 China,Chengdu plain, Qionglai factory site,7.9,0.257,0.5488974449951041
 China,Chengdu plain,Dayi Sancha Middle School,7.9,0.26,0.6183350768546102
 China,Chengdu plain,Chengdu Taishengnanlu,7.9,0.221,0.39689529953171326
 China,Chengdu plain,Chengdu Jinjiangqu,7.9,0.178,0.0896532881102228
 China,Chengdu plain,Chengdu Guanghua-jinyuan,7.9,0.245,0.2230464557642549
 China,Chengdu plain, Chengdu Wujing Hospital,7.9,0.188,0.197383157974027
 China,Chengdu plain,Chengdu Zhiminlu,7.9,0.126,0.03257635415702647
 China,Chengdu plain, Chengdu Huayang,7.9,0.135,0.07855281883069283
 China,Chengdu plain,Chengdu Jin-tangzhaozheng,7.9,0.197,0.3046209398945982
 China,Chengdu plain, Dujiangyan Zipingpu School,7.9,0.725,0.24230554526660658
 China,Chengdu plain,Dujiangyan Xudu Element School,7.9,0.408,0.2625534862101374
 China,Chengdu plain,Dujiangyan Yanijang Element School,7.9,0.392,0.10866739158651373
 China,Chengdu plain, Dujiangyan Shaping School,7.9,1.246,0.28830599876300633
 China,Chengdu plain, Dujiangyan Lianghe School,7.9,0.725,0.6760385258010216
 China,Chengdu plain,Chongzhou Jiezi Hospital,7.9,0.647,0.09089378566765818
 China,Chengdu plain,Chongzhou Dahua Hospital,7.9,0.275,0.22927111159037827
 China,Chengdu plain,Chongzhou Liaojia Hospital,7.9,0.341,0.24132721487345443
 China,Chengdu plain,Chongzhou Jixian Hospital,7.9,0.284,0.23899176329721572
 China,Chengdu plain,Chengdu Middle Court,7.9,0.133,0.013402842156778916
 China,Chengdu plain,Pixian HuaymianTu ZK26,7.9,0.291,0.08006766492420962
 China,Chengdu plain,Pixian Huayuiianfu ZK53,7.9,0.291,0.29704728246387274
 China,Chengdu plain, Chengdu Erxianqiao,7.9,0.22,0.08645050574654795
 China,Chengdu plain, Wenjiang Cam- pus.Chengdu Medicine Univ. ZK65,7.9,0.278,0.11415113911645448
 China,Chengdu plain, Wenjiang Cam- pus.Chengdu Medicine Univ. ZK134,7.9,0.278,0.11153535543111714
 China,Chengdu plain,Pengzhou Qingbaijiang bridge,7.9,0.389,0.3257723128132496
 China,Chengdu plain, Pengzhou Jiuchimao,7.9,0.237,0.13430854535419942
 China,Chengdu plain, Pixian south,7.9,0.302,0.1202836126961497
 China,Chengdu plain,Pixian Tuanjiezheng,7.9,0.314,0.8508944257080959
 China,Chengdu plain, Chengdu Shenxianshu,7.9,0.166,0.1335929884010028
 China,Chengdu plain, Chengdu Xinfanzheng,7.9,0.282,0.4560825650996273
 China,Chengdu plain, Chengdu Tiarnun ,7.9,0.206,0.0966551591527866
 China,Chengdu plain,Chengdu Nanbu center,7.9,0.116,0.025927253913741066
 China,Chengdu plain, Chengdu Taiye plaza,7.9,0.228,0.09241218644995945
 China,Chengdu plain, Chengdu Jincanghexie,7.9,0.194,0.11614806997538236
 China,Chengdu plain,Xinshi,8.0,0.34,0.9518948478930365
 China,Chengdu plain,Yongquan,8.0,0.24,0.8743451909688023
 China,Chengdu plain,Xinnian,8.0,0.13,0.37605581820132816
 China,Chengdu plain,Wuli,8.0,0.09,0.5261199949547339
 China,Chengdu plain,Wulan,8.0,0.2,0.030630089891321027
 China,Chengdu plain,Wufan,8.0,0.27,0.5858244422549714
 China,Chengdu plain,"Pilu Elementary School, Guanghan",7.9,0.22,0.841050344315393
 China,Chengdu plain,"Guoyuan Village, Deyang",7.9,0.21,0.3780916408589221
 China,Chengdu plain,"Jinqiao Village, Deyang",7.9,0.18,0.5445126480437796
 China,Chengdu plain,"Baijiang Village, Deyang",7.9,0.23,0.8504074458868836
 China,Chengdu plain,"Anping Village, Deyang",7.9,0.2,0.8357136825054456
 China,Chengdu plain,"Shengli Village, Deyang",7.9,0.21,0.5236200611441497
 China,Chengdu plain,"Changjiang Village, Deyang",7.9,0.2,0.41056100822178165
 China,Chengdu plain,"Yongfeng Village, Mianzhu",7.9,0.34,0.3335046627524405
 China,Chengdu plain,"Xinshi School, Mianzhu",7.9,0.34,0.9400743422130332
 China,Chengdu plain,"Banqiao School, Mianzhu",7.9,0.37,0.8567478934309879
 China,Chengdu plain,"Songhai Village, Deyang",7.9,0.24,0.5757590311451279
 China,Chengdu plain,"Xinglong Village, Mianzhu",7.9,0.42,0.7670518762682974
 China,Chengdu plain,"Shihu Village, Mianzhu",7.9,0.33,0.8567478934309879
 China,Chengdu plain,"Qifu Elementary School, Mianzhu",7.9,0.3,0.7919072697354526
 China,Chengdu plain,"Guihua Village, Mianzhu",7.9,0.39,0.8990065094429326
 China,Chengdu plain,"Zhenjiang Village, Shifang",7.9,0.29,0.4214669078746426
 China,Chengdu plain,"Sangyuan Village, Mianzhu",7.9,0.29,0.41680211954165136
 China,Chengdu plain,"Baihutou Village, Shifang",7.9,0.46,0.6756239371630106
 China,Chengdu plain,"Baiyang Village, Mianzhu",7.9,0.35,0.8854283450557363
 China,Chengdu plain,"Linyan. Village, Mianzhu",7.9,0.47,0.5606355126072784
 China,Chengdu plain,"Qingliang Village, Deyang",7.9,0.24,0.43473470220126137
 China,Chengdu plain,"Siyuan Village, Shifang",7.9,0.41,0.7686167408186557
 China,Chengdu plain,"Anren Village, Mianzhu",7.9,0.44,0.5546775398056748
 China,Chengdu plain,"Xiangliu Village, Mianzhu",7.9,0.41,0.4195802150604027
 China,Chengdu plain,"Wudu Village, Mianzhu",7.9,0.48,0.9465769229282655
 China,Chengdu plain,"Shuangquan Village, Mianzhu",7.9,0.49,0.6062252455657132
 China,Chengdu plain,"Wutang Village, Deyang",7.9,0.2,0.03544781505003108
 China,Chengdu plain,"Quezhu Village, Shifang",7.9,0.26,0.030660433218727925
 China,Chengdu plain,"Shenghua Village, Deyang",7.9,0.18,0.247802481133271
 China,Chengdu plain,"Yangjia railway station, Deyang",7.9,0.2,0.14326960845749828
 China,Chengdu plain,"Nangui Village, Deyang",7.9,0.24,0.0763525364903687
 China,Chengdu plain,"Factory, Mianzhu",7.9,0.37,0.13062591059656492
 China,Chengdu plain,"Heping Village, Deyang",7.9,0.18,0.026993678061759948
 China,Chengdu plain,"Bayi Village, Mianzhu",7.9,0.43,0.4279599995942531
 China,Chengdu plain,"Yongning Village, Mianzhu",7.9,0.41,0.06227454463046617
 China,Chengdu plain,"Dacheng Village, Mianzhu",7.9,0.32,0.1713859267410147
 China,Chengdu plain,"Min'an Village, Deyang",7.9,0.25,0.15565246752496714
 China,Chengdu plain,"Chuanmu Village, Mianzhu",7.9,0.41,0.07873134980089742
 China,Chengdu plain,"Tonglin Village, Mianzhu",7.9,0.48,0.3288651314320212
 China,Chengdu plain,"Tianqi Village, Mianzhu",7.9,0.43,0.1405523452208116
 China,Chengdu plain,"Linfa Village, Mianzhu",7.9,0.47,0.17272450865831193
 China,Chengdu plain, Mianzhu Banqiao School XK5,7.9,0.577,0.808916983464001
 China,Chengdu plain, Mianzhu Banqiao School XK15,7.9,0.577,0.7144630034220414
 China,Chengdu plain, Mianzhu Banqiao School XK26,7.9,0.577,0.4891935125335607
 China,Chengdu plain,Mianzhu Mianyuan School,7.9,0.443,0.7201553203479517
 China,Chengdu plain,Shifang Lingjie Hospital,7.9,0.449,0.07376900260898091
 China,Chengdu plain, Guanhan Hanzhuang,7.9,0.235,0.2898533738897562
 China,Chengdu plain, Deyang Yuanyou,7.9,0.22,0.1387198061562128
 China,Chengdu plain,Deyang Fukang,7.9,0.227,0.02306088156228877
 China,Chengdu plain,Deyang Changjiangxilu,7.9,0.223,0.03778885942347981
 China,Chengdu plain,Deyang Anping Village,7.9,0.17,0.26621637275468774
 China,Chengdu plain,Mianzhu Xiangliu Village,7.9,0.687,0.42098411142970155
 China,Chengdu plain,Mianzhu Anren Village,7.9,0.706,0.39040046734691414
 China,Chengdu plain, Deyang Dasheng Village,7.9,0.465,0.42533800246985837
 China,Chengdu plain,Mianzhu Linfa Village,7.9,0.785,0.17386521749700967
 China,Chengdu plain,Mianzhu Changlin Village,7.9,0.829,0.3675407301149372
 China,Chengdu plain,Yongfen,8.0,0.34,0.404810133150152
 China,Chengdu plain,Pilu,8.0,0.22,0.8439022524793383
 China,Chengdu plain,Banqiao,8.0,0.37,0.8789551243061373
 China,Chengdu plain,Songbai,8.0,0.24,0.6364777229588122
 China,Chengdu plain,Guoyuan,8.0,0.21,0.46086037821124337
 China,Chengdu plain,An'ren,8.0,0.44,0.5531446004278826
 China,Chengdu plain,Xiangliu,8.0,0.41,0.48256316012781575
 China,Chengdu plain,Xinglong,8.0,0.42,0.7902709128830544
 China,Chengdu plain,Shihu,8.0,0.33,0.8789551243061373
 China,Chengdu plain,Baijiang,8.0,0.23,0.8906690417048293
 China,Chengdu plain,Qifu,8.0,0.3,0.8220787789056374
 China,Chengdu plain,Anping,8.0,0.2,0.8144300720013322
 China,Chengdu plain,Guihua,8.0,0.39,0.7963398558002257
 China,Chengdu plain,Zhenjiang,8.0,0.29,0.5120653143718091
 China,Chengdu plain,Sangyuan,8.0,0.29,0.47971270888134115
 China,Chengdu plain,Wudu,8.0,0.48,0.9516968539441231
 China,Chengdu plain,Shengli,8.0,0.21,0.5864409934869957
 China,Chengdu plain,Changzheng,8.0,0.2,0.6792476726247093
 China,Chengdu plain,Baihutou,8.0,0.46,0.750027356852647
 China,Chengdu plain,Baiyang,8.0,0.35,0.9036892798165022
 China,Chengdu plain,Linyan,8.0,0.47,0.5058356091679047
 China,Chengdu plain,Qingliang,8.0,0.24,0.41979505759605396
 China,Chengdu plain,Siyuan,8.0,0.41,0.8182975741108659
 China,Chengdu plain,Shuanquan,8.0,0.49,0.6066760239861505
 China,Chengdu plain,Chuanmu,8.0,0.41,0.08908247468144277
 China,Chengdu plain,Tonglin,8.0,0.48,0.3478255282826245
 China,Chengdu plain,Nangui,8.0,0.24,0.07750633738606215
 China,Chengdu plain,Mianzhu,8.0,0.37,0.15327042332682253
 China,Chengdu plain,Heping,8.0,0.18,0.027423738744732723
 China,Chengdu plain,Quezhu,8.0,0.26,0.03114704225292207
 China,Chengdu plain,Bayi,8.0,0.43,0.46123826741608503
 China,Chengdu plain,Yongling,8.0,0.41,0.06323016955219973
 China,Chengdu plain,Shenghua,8.0,0.18,0.2982498783568213
 China,Chengdu plain,Dacheng,8.0,0.32,0.18677103809133425
 China,Chengdu plain,Min'an,8.0,0.25,0.16457409757806238
 China,Chengdu plain,Changlin,8.0,0.43,0.16459186109879637
 China,Chengdu plain,Yangjia,8.0,0.2,0.16062642840295513
 China,Chengdu plain,Linfa,8.0,0.47,0.18241326572250802
 China,Chengdu plain,"Yangquan Village, Mianyang",7.9,0.24,0.8514351614249475
 China,Chengdu plain,Jiangyou Train Station-1,7.9,0.49,0.6174109410590309
 China,Chengdu plain,Jiangyou rail station line-2,7.9,0.49,0.4711744955501612
 China,Chengdu plain, Jiangyou themal power plant ZK3,7.9,0.361,0.1065717173009422
 China,Chengdu plain, Jiangyou thermal power plant ZK5,7.9,0.361,0.673656282400491
 China,Chengdu plain, Jiangyou thermal power plant  Site1,7.9,0.361,0.1336783652030982
 China,Chengdu plain, Jiangyou thermal power plant Siie2,7.9,0.361,0.5975331471786774
 China,Chengdu plain, Jiangyou thermal power plant Site3,7.9,0.361,0.1065717173009422
 China,Chengdu plain, Mianyang Fengtai ZK2,7.9,0.228,0.13827060538884983
 China,Chengdu plain, Mianyang Fengtai ZK12,7.9,0.228,0.6534555105445422
 China,Chengdu plain, Mianyang Jiezi Element School Site 1,7.9,0.24,0.7530544059098542
 China,Chengdu plain, Mianyang Jiezi Eiemeni School Siie2,7.9,0.24,0.6275309019256635
 China,Chengdu plain, Santai construction site Site48,7.9,0.126,0.058383895503318434
 China,Chengdu plain, Santai consiruaion site Siie49,7.9,0.126,0.05686646450265777
 China,Chengdu plain, Jiangyou Longxigu,7.9,0.428,0.31720584424644266
 China,Chengdu plain, Mianyang Fanhua Plaza,7.9,0.322,0.18112726174157098
 China,Chengdu plain, Jiangyou Shuangma,7.9,0.369,0.12633215931656622
 China,Chengdu plain, Mianyang Fuleyaju,7.9,0.321,0.1713859267410147
 China,Chengdu plain,Mianyang Fulin,7.9,0.278,0.17000608424706604
 China,Chengdu plain,Mianyang Sanjiang,7.9,0.306,0.8282696030551325
 China,Chengdu plain,Beichuan Xinfeng cement ZK48,7.9,0.678,0.20377745483060858
 China,Chengdu plain,Beidiuan Xinfeng cement ZK76,7.9,0.678,0.3287976430778906
 China,Chengdu plain,Jiangyou Lanwan ZK5,7.9,0.369,0.13810858143452812
 China,Chengdu plain,Jiangyou Lanwan ZK17,7.9,0.369,0.12177533114260422
 China,Chengdu plain,Mianyang Jinqiaoyinzuo ZK14,7.9,0.326,0.2216280769477129
 China,Chengdu plain,Mianyang Jinqiaoyinzuo ZK21,7.9,0.327,0.11126707055403118
 China,Chengdu plain,Mianyang Lingjiangdijing ZK3,7.9,0.327,0.6184807410270653
 China,Chengdu plain,Mianyang Lingjiangdijing ZK15,7.9,0.327,0.6184807410270653
 China,Chengdu plain,Santai Cuixidijing ZK17,7.9,0.121,0.005768618357199919
 China,Chengdu plain,Santai Cuixidijing ZK40,7.9,0.121,0.004172690552766202
 China,Chengdu plain,Santai Zizhou ZK2,7.9,0.121,0.005097248789000102
 China,Chengdu plain,Santai Zizhou ZK20,7.9,0.121,0.005097248789000102
 China,Chengdu plain,Yanting Zijiangx-incheng ZK14,7.9,0.109,0.01538957494339373
 China,Chengdu plain,Yanting Zijiangx- incheng ZK63  ,7.9,0.109,0.04002525345866582
 China,Chengdu plain,jiangyou Railway Station,7.9,0.354,0.2619727346395652
 China,Chengdu plain,Jingqiao,8.0,0.18,0.5920769543522512
 China,Chengdu plain,Jiangyou,8.0,0.49,0.6755278338281399
 China,Chengdu plain,Yujiaguan,8.0,0.49,0.4590858708674685
 China,Minjiang valley,Minjiang flood plain ZK3,7.9,1.457,0.5444519518291685
 China,Minjiang valley, Minjiang flood plain ZK5,7.9,1.457,0.6400866701602336
 China,Minjiang valley,Wenchuan Mianshi Cherry,7.9,0.754,0.14668597390451318
 China,Minjiang valley,Wenchuan Miansi,7.9,0.683,0.11774225032611067
 China,Minjiang valley,Wenchuan Weizhouzhen,7.9,0.747,0.4227794115254276
 Turkey,Marmara region,Degirmendere DN-1,7.51,0.4,0.5915709565519233
 Turkey,Marmara region,Degirmendere DN-2,7.51,0.4,0.44684034717124377
 Turkey,Marmara region,Degirmendere DN-1,7.5,0.4,0.6414554932338942
 Turkey,Marmara region,Degirmendere DN-2,7.5,0.4,0.6012984826506106
 Turkey,Marmara region,Degirmendere Nose,7.51,0.4,0.9487599043265399
 Turkey,Marmara region,Hotel Sapanca SH-4,7.4,0.37,0.9619431933009366
 Turkey,Marmara region,Soccer Field SF-5,7.4,0.37,0.9563892311534258
 Turkey,Marmara region,Police Station Site,7.4,0.4,0.9662975899348034
 Turkey,Marmara region,Hotel Sapanca SH-4,7.51,0.37,0.9744646708268556
 Turkey,Marmara region,Soccer Field SF-5,7.51,0.37,0.9629358096705274
 Turkey,Marmara region,"Police Station Site, PS-1",7.51,0.4,0.9662975899348034
 Turkey,Marmara region,Police Station,7.51,0.4,0.9334462378811526
 Turkey,Marmara region,Soccer Field,7.51,0.37,0.9708792448904517
 Turkey,Marmara region,Hotel Sapanca,7.51,0.37,0.934602256224648
 Turkey,Marmara region,Adapazari Site B,7.4,0.4,0.9018476153187843
 Turkey,Marmara region,Adapazari Site C2,7.4,0.4,0.9525558244485408
 Turkey,Marmara region,Adapazari Site D,7.4,0.4,0.9539936024772655
 Turkey,Marmara region,Adapazari Site E,7.4,0.4,0.9457638000788636
 Turkey,Marmara region,Adapazari Site G,7.4,0.4,0.9457638000788636
 Turkey,Marmara region,Adapazari Site H,7.4,0.4,0.9346640863682146
 Turkey,Marmara region,Adapazari Site I,7.4,0.4,0.9606512798866874
 Turkey,Marmara region,Adapazari Site J,7.4,0.4,0.9585023035980897
 Turkey,Marmara region,Adapazari Site K,7.4,0.4,0.955345094613232
 Turkey,Marmara region,Adapazari Site L,7.4,0.4,0.9571098589476196
 Turkey,Marmara region,Adapazari Site B,7.51,0.4,0.9145277510738165
 Turkey,Marmara region,Adapazari Site C2,7.51,0.4,0.9288750631855647
 Turkey,Marmara region,Adapazari Site D,7.51,0.4,0.9586131168004561
 Turkey,Marmara region,Adapazari Site E,7.51,0.4,0.9698907413883021
 Turkey,Marmara region,Adapazari Site F,7.51,0.4,0.9426659201027269
 Turkey,Marmara region,Adapazari Site G,7.51,0.4,0.9527671506263765
 Turkey,Marmara region,Adapazari Site H,7.51,0.4,0.9420365883694587
 Turkey,Marmara region,Adapazari Site J,7.51,0.4,0.963833919090547
 Turkey,Marmara region,Building C1 &C2,7.51,0.4,0.9280624821240759
 Turkey,Marmara region,Building C3,7.51,0.4,0.5718522317957245
 Turkey,Marmara region,"Site B, Building B1",7.5,0.4,0.9470564855760528
 Turkey,Marmara region,"Site D, Building D1",7.5,0.4,0.9470564855760528
 Turkey,Marmara region,"Site E, Buildings E1 & E2: Sand",7.5,0.4,0.9598954513582328
 Turkey,Marmara region,"Site E, Buildings E1 &E2:Silt",7.5,0.4,0.9543691912289342
 Turkey,Marmara region,"Site F, Building Fl",7.5,0.4,0.9390766236974337
 Turkey,Marmara region,"Site G, Buildings G2 &G3",7.5,0.4,0.9465477056423517
 Turkey,Marmara region,"Site H, Building H1",7.5,0.4,0.7312797845465733
 Turkey,Marmara region,"Site 1, Building I2 & I2",7.5,0.4,0.9351129711491383
 Turkey,Marmara region,"Site J, BuildingJ2 &J2",7.5,0.4,0.9543691912289342
 Turkey,Marmara region,"1-11 Adapazari, Turkey",7.4,0.4,0.9226423603003652
 Turkey,Marmara region,"1-24 Adapazari, Turkey",7.4,0.4,0.9224327447371611
 Turkey,Marmara region,Adapazari Site B,7.51,0.4,0.9538154445504605
 Turkey,Marmara region,Adapazari Site C,7.51,0.41,0.9278360931441479
 Turkey,Marmara region,Adapazari Site D,7.51,0.41,0.7102571132019909
 Turkey,Marmara region,Adapazari Site F,7.51,0.4,0.9315568831120487
 Turkey,Marmara region,Adapazari Site E,7.51,0.41,0.9666419484981152
 Turkey,Marmara region,Adapazari Site H,7.51,0.41,0.9112326583620293
 Turkey,Marmara region,Adapazari Site I,7.51,0.41,0.9630399031699554
 Turkey,Marmara region,Adapazari Site J,7.51,0.41,0.9666419484981152
 Turkey,Marmara region,Adapazari Site K,7.51,0.41,0.9284360055289039
 Turkey,Marmara region,Adapazari Site L,7.51,0.41,0.9631504890481035
 Turkey,Marmara region,Yalova Harbor YH-3,7.51,0.37,0.920914541787202
 Turkey,Marmara region,Yalova Harbor,7.5,0.3,0.8661118022225522
 Guatemala,Amatitlan,Amatitlan B-1,7.5,0.14,0.68058025196071
 Guatemala,Amatitlan,Amatitlan B-3&4   ,7.5,0.14,0.16298128545441723
 Guatemala,Amatitlan,Amatitlan 1,7.5,0.135,0.6717882230089924
 Guatemala,Amatitlan,Amatitlan 4,7.5,0.135,0.5205863720248622
 Argentina,San Juan,San Juan B-1,7.4,0.2,0.8386375928770302
 Argentina,San Juan,San Juan B-3,7.4,0.2,0.7817889452930571
 Argentina,San Juan,San Juan B-4,7.4,0.2,0.8830886642420359
 Argentina,San Juan,San Juan B-5,7.4,0.2,0.7437381947984004
 Argentina,San Juan,San Juan B-6,7.4,0.2,0.9320130341901218
 Argentina,San Juan,"San Juan B-1&2, Barrio Justo P. Castro, Caucete",7.4,0.2,0.27552007006879264
 Argentina,San Juan,"San Juan B-3, Caucete",7.4,0.2,0.7324741708287227
 Argentina,San Juan,"San Juan B-4, Dept 9 de Julio",7.4,0.2,0.9007979602656695
 Argentina,San Juan,"San Juan B-5, Dept 9 de Julio",7.4,0.2,0.5647386074479003
 Argentina,San Juan,"San Juan B-6, Dept 25 de Mayo",7.4,0.2,0.9216759185424007
 Philippines,Luzon,Cereenan St. B-12,7.6,0.25,0.29961074052760267
 Philippines,Luzon,Perez Blv. B-11,7.6,0.25,0.7966979191413359
 Philippines,Luzon,Cereenan St. B-12,7.7,0.25,0.16231995826766502
 Canada,Ferland,Quebec,5.9,0.25,0.818193284713105
 Greece,Achaia region,K.Achaia Site 1,6.5,0.33,0.7844676366317151
 Greece,Achaia region,K.Achaia Site 2,6.5,0.33,0.7844676366317151
 South Korea,Pohang basin,Site 1,5.4,0.2,0.36513813188812494
 South Korea,Pohang basin,Site 2,5.4,0.23,0.07743314525606916
 South Korea,Pohang basin,Site 3,5.4,0.21,0.5852554744451639
 South Korea,Pohang basin,Site 4,5.4,0.26,0.22399528618949202
 South Korea,Pohang basin,Site 5,5.4,0.28,0.780209552417731
 South Korea,Pohang basin,Site 6,5.4,0.29,0.820002746911118
 South Korea,Pohang basin,Site 7,5.4,0.26,0.6937255380198145
 South Korea,Pohang basin,Site 8,5.4,0.35,0.46701342172082894
 South Korea,Pohang basin,Site 9,5.4,0.35,0.831104230290519
 South Korea,Pohang basin,Site 10,5.4,0.31,0.8079531060494901
 South Korea,Pohang basin,Site 11,5.4,0.3,0.8324799139803399
 South Korea,Pohang basin,Site 12,5.4,0.29,0.7941009680727253
 South Korea,Pohang basin,Site 13,5.4,0.29,0.06472886639029511
 South Korea,Pohang basin,Site 14,5.4,0.26,0.7279281504599344
 South Korea,Pohang basin,Site 15,5.4,0.29,0.8435295338632935
 South Korea,Pohang basin,Site 16,5.4,0.32,0.7941009680727253
 South Korea,Pohang basin,Site 17,5.4,0.33,0.8193650597861593
 South Korea,Pohang basin,Site 18,5.4,0.33,0.5867156671871008
 South Korea,Pohang basin,Site 19,5.4,0.35,0.8193650597861593
 South Korea,Pohang basin,Site 20,5.4,0.29,0.7941009680727253
 South Korea,Pohang basin,Site 21,5.4,0.25,0.33999550721192373
 South Korea,Pohang basin,Site 22,5.4,0.29,0.8079531060494901
 South Korea,Pohang basin,Site 23,5.4,0.26,0.6937255380198145
 South Korea,Pohang basin,Site 24,5.4,0.22,0.07005153551662695
 South Korea,Pohang basin,Site 25,5.4,0.17,0.5453920882989469
 South Korea,Pohang basin,Site 26,5.4,0.16,0.11309856905498984
 South Korea,Pohang basin,Site 27,5.4,0.21,0.15998773416678466
 South Korea,Pohang basin,Site 28,5.4,0.31,0.7387709593670212
 South Korea,Pohang basin,Site 29,5.4,0.34,0.815527522266632
 Italy,Po plain,"Gavello1, Bondeno ",6.1,0.4,0.9147347901742003
 Italy,Po plain,"Gavello2, Bondeno ",6.1,0.42,0.8968499628216906
 Italy,Po plain,"INS04, Bondeno ",6.1,0.4,0.9147347901742003
 Italy,Po plain,"INS06, Bondeno ",6.1,0.41,0.9397469776964285
 Italy,Po plain,"INS09, Bondeno ",6.1,0.4,0.9147347901742003
 Italy,Po plain,"Prosperal 1, Bondeno ",6.1,0.42,0.8968499628216906
 Italy,Po plain,"Prosperal 3, Bondeno ",6.1,0.43,0.7822526729275736
 Italy,Po plain,"WP39, Bondeno ",6.1,0.46,0.776501610762048
 Italy,Po plain,"WP42, Bondeno ",6.1,0.46,0.776501610762048
 Italy,Po plain,"WP44, Bondeno ",6.1,0.46,0.776501610762048
 Italy,Po plain,"Cavez0,Cavezzo",5.9,0.42,0.940680038018926
 Italy,Po plain,"Cavez1,Cavezzo",5.9,0.42,0.9377658718461264
 Italy,Po plain,"Voltone 1,Cavezzo",5.9,0.4,0.9290142862685719
 Italy,Po plain,"Voltone 2,Cavezzo",5.9,0.4,0.9254395187939783
 Italy,Po plain,"Voltone 3,Cavezzo",5.9,0.39,0.9069068828756806
 Italy,Po plain,"WP23,Cavezzo",5.9,0.4,0.9290142862685719
 Italy,Po plain,"WP24,Cavezzo",5.9,0.4,0.9290142862685719
 Italy,Po plain,"Morelli 1,Cento",6.1,0.45,0.9428102888196669
 Italy,Po plain,"Morelli 2,Cento",6.1,0.46,0.9431784103360182
 Italy,Po plain,"Morelli 3,Cento",6.1,0.45,0.9428102888196669
 Italy,Po plain,"Morelli 4,Cento",6.1,0.45,0.9428102888196669
 Italy,Po plain,"WP09XII Mor,Cento",6.1,0.45,0.9428102888196669
 Italy,Po plain,"WP12,Cento",6.1,0.45,0.9428102888196669
 Italy,Po plain,"WP55,Mirandola",5.9,0.41,0.9397469776964285
 Italy,Po plain,"WP60,Mirandola",5.9,0.41,0.9397469776964285
 Italy,Po plain,"WP64,Mirandola",5.9,0.41,0.9397469776964285
 Italy,Po plain,"WP66,Mirandola",5.9,0.41,0.9578202718702765
 Italy,Po plain,"Reno 1,Pieve di Cento",6.1,0.42,0.9355099045320658
 Italy,Po plain,"Reno 2,Pieve di Cento",6.1,0.42,0.9448696736860553
 Italy,Po plain,"Cast 1,Terre del Reno",6.1,0.46,0.7248363507339857
 Italy,Po plain,"Casum 1,Terre del Reno",6.1,0.46,0.8490865029414887
 Italy,Po plain,"Casum 2,Terre del Reno",6.1,0.46,0.776501610762048
 Italy,Po plain,"fgmv064,Terre del Reno",6.1,0.46,0.8912057419443138
 Italy,Po plain,"Mirabello 2,Terre del Reno",6.1,0.44,0.9484010764743315
 Italy,Po plain,"WP36,Terre del Reno",6.1,0.46,0.8490865029414887
 Italy,Po plain,"WP47 San Car (upper),Terre del Reno",6.1,0.46,0.7687365772912081
 Italy,Po plain,"WP47 San Car,Terre del Reno",6.1,0.46,0.8433344968484411
 Italy,Po plain,"S.Agost 11,Terre del Reno",6.1,0.46,0.9497649934206284
 Italy,Po plain,"S.Agost 12,Terre del Reno",6.1,0.46,0.9497649934206284
 Italy,Po plain,"San Carlo 7,Terre del Reno",6.1,0.46,0.9520731760948151
 Italy,Po plain,"WP49 san car,Terre del Reno",6.1,0.46,0.9574254576761538
 Italy,Po plain,"WP49 sand (2),Terre del Reno",6.1,0.46,0.9574254576761538
 Italy,Po plain,"WP63,Terre del Reno",6.1,0.46,0.939648620239924
 Italy,Po plain,"Tortiola 1,Vigarano Mainarda",6.1,0.44,0.8164608274463748
 Italy,Po plain,"Tortiloa 2,Vigarano Mainarda",6.1,0.45,0.7331162399123214
 Romania,Vrancea,Site 2,7.2,0.1,0.34303370616498574
 Romania,Vrancea,Dimbovitza,7.2,0.22,0.9354731176026679
